,Eigen-Gene
TCGA-AO-A0JC,-2.260544829825609
TCGA-LD-A9QF,-1.6416532370650057
TCGA-BH-A0H5,-2.303733117466565
TCGA-A2-A25F,-3.933553254177363
TCGA-B6-A0RT,-1.6726827690107622
TCGA-A2-A0ST,-2.050733570630286
TCGA-A2-A04Q,-2.5321380715381117
TCGA-E9-A2JT,-0.9487863535241354
TCGA-LL-A5YO,-1.2600100928729332
TCGA-OL-A5RY,-0.9908930274867965
TCGA-A2-A0EP,-3.1499755056081984
TCGA-BH-A1F0,-2.0119726679164507
TCGA-BH-A0RX,-0.7347619479906179
TCGA-EW-A1P7,-1.5298389954547162
TCGA-AR-A1AX,-0.7744626965223773
TCGA-A8-A0A7,-2.178411515458272
TCGA-A2-A0CL,-1.3372727513098743
TCGA-A8-A08H,-2.021708230976517
TCGA-AR-A1AW,-1.5591274340433312
TCGA-GM-A2DI,-0.6349006747442598
TCGA-E9-A243,-2.6448836654394072
TCGA-AN-A0FN,-1.74681833679144
TCGA-AO-A128,-2.7949777023071176
TCGA-A8-A07U,-0.8228738031028173
TCGA-AR-A24U,-0.9279467534978108
TCGA-AR-A1AJ,-1.3501110177430213
TCGA-A2-A0T1,-1.4912486708457224
TCGA-D8-A1Y2,-1.5261187832474032
TCGA-D8-A73U,-2.8211805402276564
TCGA-E9-A248,-0.3993004604013613
TCGA-D8-A141,-1.1177445720848598
TCGA-E9-A1NE,-0.7216741167541276
TCGA-HN-A2OB,-0.24798077831988224
TCGA-E2-A15M,-1.3061060500931851
TCGA-BH-A1EU,-1.5436710723105027
TCGA-AR-A252,-1.061943291097004
TCGA-AC-A2FB,-0.7320822568933428
TCGA-E2-A108,-1.9227165583784858
TCGA-AR-A0U4,-0.8099675916125074
TCGA-EW-A2FR,-1.3408215680417261
TCGA-EW-A1PB,-2.3089832498452005
TCGA-EW-A1IZ,-1.0826251088469927
TCGA-BH-A209,-0.6945858914956026
TCGA-AO-A12D,-0.7246223391669516
TCGA-D8-A1JB,-0.5471967479624875
TCGA-AR-A0TS,-0.472457508758044
TCGA-B6-A3ZX,-0.7584058998921115
TCGA-EW-A3U0,-1.8304812029108595
TCGA-AR-A2LH,-0.9818089259792674
TCGA-A8-A09X,-0.7519999029134898
TCGA-E9-A3QA,-1.4850236965761119
TCGA-EW-A1OV,-0.7773596734033874
TCGA-AR-A1AO,-2.7561196185138965
TCGA-D8-A1JL,-0.6196392700756862
TCGA-PL-A8LZ,-0.33784480670658135
TCGA-C8-A26X,-0.7551606343750354
TCGA-BH-A0DV,-1.3113575851313324
TCGA-A7-A4SD,-0.41098449539645976
TCGA-AR-A5QQ,-0.5531635594316218
TCGA-LL-A441,-0.9469905764600589
TCGA-BH-A0B7,-0.8746345206194734
TCGA-BH-A0B6,-2.146981276397605
TCGA-C8-A278,-0.9174381132314557
TCGA-OL-A66I,-1.5801407108345258
TCGA-A2-A0EQ,-0.7204553038037584
TCGA-E9-A1ND,-0.8809060073070378
TCGA-C8-A12V,-1.7269350890883917
TCGA-PE-A5DE,-1.1987993463999054
TCGA-GM-A2DN,-1.157367928230991
TCGA-AR-A2LQ,-1.0717556506142347
TCGA-BH-A0C0,-0.729070891254292
TCGA-D8-A1JU,-1.02716532402001
TCGA-BH-A0BZ,-0.7284425663989925
TCGA-BH-A0W5,-0.726883212111578
TCGA-A7-A26G,-1.273617717282527
TCGA-BH-A0BO,-0.3194761373311476
TCGA-AR-A0TT,-1.2077351763629671
TCGA-AQ-A7U7,-1.1757246043207545
TCGA-C8-A132,-0.5898866141373874
TCGA-AR-A1AI,-0.27733123603018117
TCGA-BH-A0BR,-0.3190267546711148
TCGA-BH-A0C3,-0.6982781845865147
TCGA-GM-A2DF,-0.3810903164873732
TCGA-A8-A08X,-0.6928885785140702
TCGA-AC-A3BB,-0.9711014611730614
TCGA-BH-A0DX,-0.5784981709304293
TCGA-A7-A0CG,-0.4809005481907015
TCGA-AC-A2FE,-0.7585750165479677
TCGA-BH-A0DG,-0.39483231458998075
TCGA-S3-AA15,-0.8251882189037304
TCGA-E9-A1QZ,-0.4372099225196507
TCGA-AR-A1AQ,-0.5451149557346538
TCGA-EW-A1P1,-0.825115280658965
TCGA-AC-A6IW,-2.123345059646957
TCGA-E9-A1NC,-0.5026870762573457
TCGA-D8-A27M,-2.1829882914176006
TCGA-A8-A09Q,-0.3474696444386046
TCGA-E2-A153,-0.3958708498445388
TCGA-E9-A1NF,-0.40496501633731535
TCGA-A2-A0CM,-0.3100744150599891
TCGA-B6-A0WX,-0.4086280637995097
TCGA-A2-A0YK,-0.9250502323271148
TCGA-BH-A0EB,-0.6448502109666301
TCGA-E2-A14Z,-0.6017117154427755
TCGA-BH-A0DI,-0.7263332687063497
TCGA-BH-A18H,-0.07307799979488357
TCGA-5L-AAT1,-0.6983551113182207
TCGA-C8-A12K,-2.537252482567412
TCGA-BH-A2L8,-1.7074823514846644
TCGA-E2-A1II,-0.958964356561563
TCGA-A2-A3XY,-0.5553425241900112
TCGA-E9-A1NG,-1.4644812702142238
TCGA-BH-A0AY,-0.3200259377871302
TCGA-LD-A74U,-0.5036058934177182
TCGA-BH-A208,-1.1552135867896483
TCGA-AR-A1AT,-0.6721398267753388
TCGA-E2-A3DX,-0.9861154448085901
TCGA-BH-A0BF,-1.409552144489015
TCGA-A2-A1G1,-0.24393134174270067
TCGA-AC-A3W6,-0.6390898765214447
TCGA-C8-A1HM,-0.4244910562100706
TCGA-A8-A094,-0.262558002524983
TCGA-E9-A22D,-2.715507536880546
TCGA-D8-A1JG,-0.6647484662194175
TCGA-S3-AA17,-0.5182064705671643
TCGA-LL-A73Z,-0.23804740494371127
TCGA-BH-A0BQ,-0.2443574199490406
TCGA-AC-A23E,-0.2156255151141208
TCGA-C8-A8HP,-0.7139764848550568
TCGA-AC-A23G,-0.5492979779975212
TCGA-AR-A0TX,-0.7853892045043827
TCGA-D8-A1JK,-0.5664690307855433
TCGA-AR-A1AK,-0.5339804303590733
TCGA-BH-A0BL,-1.097409461307941
TCGA-A2-A0EN,-1.5289723155856259
TCGA-E9-A22A,-1.0515317858321527
TCGA-BH-A203,-0.23457577927441314
TCGA-AR-A250,-0.44438799151554753
TCGA-A2-A0CX,-0.35164693924283974
TCGA-D8-A27I,-0.825567993013175
TCGA-A2-A0EV,-0.08471883497511454
TCGA-A2-A25A,-1.4057214771499782
TCGA-AC-A2FO,-0.17432575769155495
TCGA-AR-A0U0,-1.2922550095480383
TCGA-EW-A1PE,-0.35234681819690034
TCGA-BH-A1EW,0.4670723812641501
TCGA-A7-A6VY,-0.8237636646146973
TCGA-AC-A8OQ,-0.414688156013946
TCGA-AR-A24S,-0.7259135077229443
TCGA-AQ-A04J,-0.6283760879954272
TCGA-A2-A0EW,-0.634467597461296
TCGA-BH-A1FB,-1.5874108654799235
TCGA-LD-A7W5,-0.5754229126413746
TCGA-A8-A08R,-0.5336432678964629
TCGA-S3-AA10,-0.8636222887546013
TCGA-OL-A5RU,0.08804848523251708
TCGA-A2-A3XW,-0.7233597194670522
TCGA-B6-A0IH,-0.4277431177557911
TCGA-XX-A89A,-1.0853082552638007
TCGA-A2-A0YH,-0.29579429073950064
TCGA-XX-A899,-0.6995067488040939
TCGA-AC-A3YI,-0.294026824928187
TCGA-EW-A1P4,-2.014366540088489
TCGA-A2-A0EO,-0.16879351702727718
TCGA-E9-A1R3,-1.1198509967643637
TCGA-BH-A1FU,-0.4281980796884925
TCGA-AR-A1AR,-0.8999460736075943
TCGA-C8-A1HF,-1.0771106326499211
TCGA-JL-A3YW,-1.4907781097851542
TCGA-A8-A06R,0.2547437929941532
TCGA-AN-A0AL,-0.048340039901385204
TCGA-BH-A8G0,-0.7687400936081786
TCGA-A8-A08P,-0.37989781725336436
TCGA-D8-A1JH,-0.4572751873168745
TCGA-A8-A06P,-0.44221377951297913
TCGA-AR-A24W,0.0622355576058019
TCGA-A2-A3XZ,-0.7849400139731239
TCGA-A7-A3IY,-0.32714080409319396
TCGA-AC-A3OD,-0.6950323467267108
TCGA-E9-A227,0.05662860189808892
TCGA-AR-A5QM,-0.32921539853489923
TCGA-A2-A259,0.2047025883883366
TCGA-AR-A24O,-0.36948719005268477
TCGA-D8-A1JD,-0.6068093548876914
TCGA-AC-A6IV,-1.3646635735177428
TCGA-EW-A1IY,-1.16883317474778
TCGA-A2-A0CV,-0.6547310150035458
TCGA-C8-A12W,-0.23765975840757086
TCGA-D8-A142,-0.6008664765858194
TCGA-E2-A159,-0.5390075282581026
TCGA-AO-A129,0.039307753835732824
TCGA-EW-A6SC,-0.13462178908581626
TCGA-A8-A07G,-0.15488588243684995
TCGA-LL-A73Y,-0.3442709586148025
TCGA-D8-A146,-0.056225210864337016
TCGA-BH-A1EY,-0.48728987179807315
TCGA-BH-A18F,-0.24894303397376116
TCGA-A7-A26F,-0.33453860132632324
TCGA-C8-A1HG,-0.30928258708111417
TCGA-BH-A1F6,-0.18562827260840006
TCGA-B6-A0IJ,-1.342866492048118
TCGA-AR-A1AL,-0.2550683327349845
TCGA-E2-A573,-0.1868717583568714
TCGA-AC-A23C,-0.03535039863792472
TCGA-D8-A13Z,0.32059828590316614
TCGA-AO-A0J5,-0.45711564183998593
TCGA-AR-A2LO,-0.37133635177254504
TCGA-A2-A0CP,-0.08295338249088705
TCGA-AC-A7VC,-0.32818370240290917
TCGA-A2-A0SW,-0.4856132512350532
TCGA-E9-A1RF,-0.7888708488297644
TCGA-BH-AB28,0.0164841810524154
TCGA-E2-A1AZ,0.000704917631815434
TCGA-A1-A0SI,-0.7502625747034474
TCGA-D8-A27R,0.36132193746103
TCGA-E9-A244,0.5661388283843887
TCGA-C8-A12O,0.11513453568598389
TCGA-AR-A254,-0.6337611603827816
TCGA-BH-A0B3,-0.4308523489997837
TCGA-EW-A1PF,0.005541651860023748
TCGA-E9-A1N4,-0.24127955634128723
TCGA-A7-A3J1,-0.6101959879039429
TCGA-4H-AAAK,-0.09741662157214395
TCGA-A7-A0DB,-0.3687803947103747
TCGA-BH-A42V,-0.029804513527219162
TCGA-5L-AAT0,-0.2057424754858883
TCGA-E2-A1LI,0.13933288446722916
TCGA-D8-A1XK,0.4419036085203777
TCGA-BH-A6R9,-1.8508419102834694
TCGA-AO-A03M,0.12924101109792754
TCGA-BH-A1FC,-0.37487824794373065
TCGA-BH-A0AU,0.23457488036635643
TCGA-AC-A8OS,-0.30252113605171727
TCGA-BH-A18M,-0.23032648472428463
TCGA-E2-A1LL,0.08957416226580417
TCGA-E9-A22E,-1.0837046002961777
TCGA-BH-A0DP,-0.7242479760078644
TCGA-A8-A09R,-0.7382019210280232
TCGA-BH-A0H3,-0.4681659381741216
TCGA-B6-A0WS,-0.23052532423547822
TCGA-A8-A07E,-0.29630099478433025
TCGA-BH-A0B5,-0.3210617545047632
TCGA-EW-A6SD,-0.5286796500656745
TCGA-A8-A07J,-1.0140379369133472
TCGA-C8-A8HR,-0.7412908034041563
TCGA-A8-A0A1,-0.7043284841732799
TCGA-BH-A8FZ,-0.7456259912840433
TCGA-A8-A096,-0.9779493297449341
TCGA-C8-A8HQ,-0.46534761517495193
TCGA-A1-A0SH,-0.653592499861767
TCGA-AR-A24Q,-0.11560200810791905
TCGA-BH-A0C1,0.055991814047996954
TCGA-D8-A1XQ,-1.0074621866820765
TCGA-C8-A12Q,-0.29294752665664114
TCGA-BH-A0BP,-0.02445764726760212
TCGA-C8-A275,-1.224476763369217
TCGA-AO-A0J4,-0.5597193988121082
TCGA-GM-A2DH,-0.26269999454690485
TCGA-AO-A0JE,-1.1003167721975822
TCGA-BH-A0AW,-0.6762541952960407
TCGA-A2-A0SX,-0.7739258065606219
TCGA-AN-A049,0.2710958217884065
TCGA-E2-A152,-0.3786540768421586
TCGA-A2-A3XT,-1.084530047037356
TCGA-E2-A150,-0.3429629670867902
TCGA-BH-A0AZ,-0.46279570015951643
TCGA-BH-A0DL,-0.4491681926948716
TCGA-A8-A097,-0.15168967854655127
TCGA-BH-A0DT,-0.20485546774804153
TCGA-D8-A1XM,-0.3213966228155577
TCGA-AC-A2FF,-1.1972516576264267
TCGA-D8-A1J9,-0.42234175817308395
TCGA-A2-A0YI,-0.6352495720475869
TCGA-EW-A3E8,-0.3953616502732025
TCGA-A8-A0A6,-0.4078699805687794
TCGA-D8-A1XW,-1.1809311413511796
TCGA-LL-A440,-1.964156705657631
TCGA-AR-A2LN,-0.4286112193722378
TCGA-A8-A075,-0.28649722766871505
TCGA-AR-A1AN,-0.024177043079004007
TCGA-A7-A13H,-0.9376989942031725
TCGA-A2-A0SV,-0.27421377454048207
TCGA-A2-A0EX,-0.07801162685304436
TCGA-B6-A401,-0.08354563225929226
TCGA-A8-A08A,-0.08246019894382403
TCGA-LL-A5YP,-0.3284436416113876
TCGA-AO-A03U,-1.5147527638996383
TCGA-E9-A1N5,-0.3813900232088222
TCGA-BH-A0BG,-1.6682376328095279
TCGA-BH-A0BV,0.1239426306817363
TCGA-BH-A0BW,-0.867328858824308
TCGA-BH-A0B4,-0.07045654199357695
TCGA-OL-A5D6,0.15282570370463483
TCGA-E2-A15H,0.18588120939065533
TCGA-BH-A0B0,-1.2503179050151456
TCGA-C8-A1HI,1.046783159208425
TCGA-AC-A3HN,-0.6973367659746814
TCGA-A2-A25D,-0.41069487860259823
TCGA-C8-A12P,-0.28554979715319073
TCGA-BH-A202,-0.7517325397373498
TCGA-E9-A1RI,-0.1579280923362914
TCGA-A8-A09A,0.020176127237298967
TCGA-E2-A1B0,-0.4682155893955956
TCGA-A2-A4RX,-0.1712609525454039
TCGA-C8-A135,-0.14093881459232022
TCGA-E2-A15G,0.511519920234578
TCGA-D8-A145,-0.05445326259698015
TCGA-PE-A5DD,0.2532958789892547
TCGA-AC-A3W5,-1.1649045505430118
TCGA-E9-A1RA,0.08291086315712139
TCGA-AO-A12A,-0.39089082120817303
TCGA-D8-A1JE,-0.3622518097783872
TCGA-BH-A0DK,-0.34040913404685136
TCGA-BH-A0EA,-0.22022246966169012
TCGA-A7-A6VV,-0.3668722957833835
TCGA-BH-A0DE,-0.3639169877329437
TCGA-BH-A0AV,-0.41057705877758577
TCGA-AN-A03X,-0.09003286922514626
TCGA-EW-A1PG,0.004586919070927779
TCGA-AO-A0JJ,-0.7928993020102275
TCGA-BH-A0HP,-0.18290235308516328
TCGA-3C-AALK,0.11806725634530206
TCGA-BH-A1FH,-0.8638588028217559
TCGA-E2-A1LE,-0.817384393666908
TCGA-AN-A0XL,0.19502286074650382
TCGA-E2-A1L6,0.6202802165094248
TCGA-AC-A2B8,-1.1091766040072801
TCGA-B6-A400,-0.31314061024526063
TCGA-E9-A229,-0.6059596406304509
TCGA-D8-A1Y1,-0.4666155372423231
TCGA-E2-A1IJ,-0.5182370470347325
TCGA-A1-A0SD,0.24514116990111706
TCGA-A1-A0SP,0.5440797405421468
TCGA-A1-A0SN,-0.48306927282363865
TCGA-AR-A255,-0.16646854794049293
TCGA-A7-A2KD,-0.29784482990056316
TCGA-A2-A4S3,0.06634483421014889
TCGA-AN-A0AS,-0.18699089617878278
TCGA-C8-A3M7,-0.2250271263492522
TCGA-E2-A14X,-0.21539542774404544
TCGA-GI-A2C9,-0.2205032845184339
TCGA-A2-A0T4,-0.22696067459772876
TCGA-3C-AALI,-0.2294525819684069
TCGA-AO-A12E,0.19328835625892304
TCGA-AN-A0XW,-1.0411929335628918
TCGA-D8-A1XY,0.11342060690339281
TCGA-GI-A2C8,-0.6602232790248208
TCGA-AN-A0XN,-0.6815046261455442
TCGA-A7-A26J,0.6654893415196501
TCGA-GM-A2DL,-0.4629904777985275
TCGA-A8-A095,0.3428429116371865
TCGA-A8-A08I,-3.77290702241151
TCGA-OL-A66J,0.15246236970958205
TCGA-B6-A0IQ,0.3847112499168014
TCGA-AQ-A0Y5,-0.12855884787505295
TCGA-E2-A14P,0.0394801824845612
TCGA-A8-A09W,0.16749964794052336
TCGA-AN-A0FV,-0.0554148650499613
TCGA-BH-A0HO,0.5757128469080133
TCGA-E2-A14V,0.5127398756851097
TCGA-BH-A0DO,0.5605552960369152
TCGA-AR-A0TQ,-0.45785018797486887
TCGA-D8-A1X5,0.2874258592158153
TCGA-A2-A0YL,-0.11722054669901313
TCGA-BH-A0W7,-1.2558262662165216
TCGA-BH-A18I,-0.9172114311410645
TCGA-A8-A09D,-0.5902479204884981
TCGA-AN-A046,-0.17243157248980767
TCGA-A2-A0CU,0.8596508641282407
TCGA-A7-A426,-0.25880713877271816
TCGA-EW-A2FV,0.08212464842075372
TCGA-A8-A09G,-0.05275389408562485
TCGA-AN-A0AM,-0.134170861197769
TCGA-E9-A1R0,-0.160456356250501
TCGA-A2-A0CS,-0.11129895197224018
TCGA-C8-A26W,0.005949182247796038
TCGA-D8-A27G,-0.14494802332800918
TCGA-E2-A10F,-0.7579501005328207
TCGA-A7-A4SA,-0.1431557510992728
TCGA-C8-A27B,-0.6537752915499973
TCGA-E9-A3Q9,0.09342275697628868
TCGA-A2-A4RW,0.06864300381535057
TCGA-A2-A1FZ,-0.09117258172421071
TCGA-A2-A1G0,0.08737361806159327
TCGA-A2-A0EY,-0.1406142789241305
TCGA-AC-A2QI,-0.18759082976710167
TCGA-BH-A42T,-0.025842879031578888
TCGA-E2-A1B1,-1.557858529660316
TCGA-A2-A0D2,-0.07081068003465106
TCGA-AN-A0XV,0.15412809844749759
TCGA-D8-A1X8,0.46204259341774556
TCGA-AN-A04A,0.4662217877859633
TCGA-EW-A1J2,-0.5630467209335183
TCGA-A8-A076,-0.05090731922577643
TCGA-A8-A08L,0.16880300655124936
TCGA-OK-A5Q2,-0.22656964896893847
TCGA-D8-A27T,-0.35999091212622925
TCGA-A2-A0YD,-0.6568872252015587
TCGA-E2-A1IO,-0.45259366891767744
TCGA-D8-A27W,1.1006633482232933
TCGA-D8-A1JF,-1.6502646477516791
TCGA-A2-A04N,0.125387679939166
TCGA-AR-A24L,0.3404600859765304
TCGA-AR-A1AM,-0.05972126452118454
TCGA-S3-AA0Z,-0.4499063949154276
TCGA-B6-A0RS,-0.5087511258007724
TCGA-D8-A1Y0,-1.036519063613741
TCGA-AN-A0XS,-0.37368888226510644
TCGA-OL-A5D7,-0.29439234126314173
TCGA-D8-A1XT,-0.4479873023862853
TCGA-D8-A1J8,0.15639575664385816
TCGA-E9-A1NA,-0.8430216346640631
TCGA-A2-A04X,-0.33015187603022494
TCGA-A8-A090,0.4443230740478774
TCGA-AN-A041,0.09826083484985186
TCGA-A2-A0CO,-0.6722200435114036
TCGA-AQ-A1H3,-0.02498590397754683
TCGA-A1-A0SF,0.09820307038909694
TCGA-A8-A086,0.49485585127975007
TCGA-EW-A1IX,-0.17855815968064945
TCGA-BH-A0B9,-0.8518834405274452
TCGA-BH-A18J,0.57125785597941
TCGA-C8-A130,0.32807916943784243
TCGA-E9-A226,0.3360115491765866
TCGA-PL-A8LV,-0.07349150286881384
TCGA-A2-A0T6,-0.978060713897826
TCGA-A2-A0T0,0.2377252699216463
TCGA-A2-A0YJ,0.25591116968224803
TCGA-E9-A24A,-0.2465616982774459
TCGA-A2-A0YM,0.1939692903536621
TCGA-D8-A27K,-0.06099569191809327
TCGA-AC-A2BM,0.5851475697049335
TCGA-D8-A1JJ,0.18593397370078502
TCGA-A8-A07W,0.012036115202898046
TCGA-BH-A0BA,0.2358897673109654
TCGA-S3-A6ZF,0.45241589746519806
TCGA-A8-A07F,0.1931833348979876
TCGA-EW-A1P8,-0.14193716358319577
TCGA-A2-A04W,-0.03142643677538676
TCGA-GM-A3XL,-0.32693622704078595
TCGA-GM-A3XN,-0.592936889213186
TCGA-EW-A1IW,0.11025289300029868
TCGA-A8-A09I,-0.540484386205314
TCGA-A2-A3Y0,-0.6300095832994362
TCGA-A8-A07P,0.5747978351410322
TCGA-AO-A0JG,0.11895527535498357
TCGA-AO-A03L,0.22730596109014808
TCGA-AN-A0FS,0.21588990157281218
TCGA-A2-A3KC,-0.31510254333220084
TCGA-A8-A06O,0.5896865674847541
TCGA-A7-A26I,-0.09848248414259328
TCGA-A8-A08G,0.7536848449231437
TCGA-D8-A1XO,-0.2506624879857988
TCGA-A8-A07C,0.3070797029214216
TCGA-D8-A1X6,0.4816021594398801
TCGA-A2-A4S2,-0.05434635043332019
TCGA-EW-A1PD,0.1575933879460306
TCGA-A8-A08F,-0.36463137792727385
TCGA-A8-A0AD,-0.2518929198760955
TCGA-A2-A0CZ,-0.5386961683574302
TCGA-BH-A0DS,-0.3653003579325449
TCGA-BH-A0HF,-0.17357059725849153
TCGA-B6-A1KN,0.5833570243310019
TCGA-E2-A15C,0.206920573251414
TCGA-E9-A1N6,0.17513954478782873
TCGA-OL-A97C,-0.22642611994481912
TCGA-E2-A14R,-0.559169298940997
TCGA-A8-A09T,-0.07437070358023595
TCGA-A2-A25C,0.4701429112373643
TCGA-BH-A0BJ,-0.0002951978688376256
TCGA-B6-A0X7,0.24667809614925226
TCGA-AR-A24T,-0.5844448992886231
TCGA-AR-A24V,-0.2784811366487163
TCGA-D8-A4Z1,-0.17016478430506016
TCGA-AN-A0FZ,1.1636503694389682
TCGA-D8-A73X,-0.20047550548682708
TCGA-AO-A03V,0.833359451980613
TCGA-BH-A18R,0.3582992646526323
TCGA-AR-A5QN,0.06732492067056844
TCGA-A2-A0T3,1.0192712758667088
TCGA-OL-A66H,0.07158960368254103
TCGA-MS-A51U,0.025645447618566596
TCGA-A7-A0DA,-0.02655332279072953
TCGA-A7-A5ZW,-0.39243913831032284
TCGA-A2-A04T,0.24722085750729372
TCGA-BH-A18K,0.24658928077112446
TCGA-BH-A0H9,0.6015456641434374
TCGA-AR-A1AP,-0.23479643781889842
TCGA-BH-A0E0,0.05314922625606429
TCGA-AR-A5QP,-0.025923960491494646
TCGA-S3-AA14,0.0823359046392368
TCGA-BH-A1EO,-0.42582841224131934
TCGA-A7-A4SF,0.28324780014489126
TCGA-A8-A08J,-0.06541794345394888
TCGA-B6-A0I9,0.8385352041038563
TCGA-A8-A08Z,-0.6793539076278551
TCGA-AO-A0JF,-0.5083949600985734
TCGA-A8-A081,0.5881575853728167
TCGA-AO-A0JD,0.9118258158714058
TCGA-D8-A27N,-0.699523900658041
TCGA-BH-A0B1,0.9020167475217886
TCGA-BH-A0E9,0.10170972314111994
TCGA-BH-A0H7,0.08796364198226597
TCGA-A8-A06X,0.29808429219942817
TCGA-EW-A1J5,-0.10843772283802398
TCGA-BH-A0GY,-0.06967359413669416
TCGA-BH-A1F2,-0.24242971468896662
TCGA-E2-A1IK,0.4116675109973581
TCGA-E9-A295,0.37534983708862796
TCGA-C8-A26Y,0.23034404397950572
TCGA-D8-A140,0.4125877281612504
TCGA-A8-A06T,0.8874943772897788
TCGA-E2-A15I,0.25349540756042876
TCGA-A1-A0SG,0.3054924562740497
TCGA-EW-A6S9,-0.0866968686686575
TCGA-BH-A0HQ,0.2680479874910497
TCGA-D8-A27V,0.33149003337421684
TCGA-AO-A0JM,0.11956559357937352
TCGA-A8-A07B,0.14346883190480025
TCGA-A8-A082,0.4240010497738695
TCGA-GM-A3NW,0.6012227812596126
TCGA-B6-A40B,-0.5888225419346445
TCGA-D8-A147,0.1914845374058489
TCGA-AC-A5EH,-0.2882293648277036
TCGA-BH-A1EX,-1.028080444727456
TCGA-AC-A8OP,0.3252617363269173
TCGA-EW-A1P5,-0.5825557102423645
TCGA-OL-A6VO,0.4397708104983725
TCGA-S3-AA11,0.5841277782101013
TCGA-E9-A1NI,0.23951480144681878
TCGA-D8-A1XS,0.16291034594860598
TCGA-AR-A1AU,0.27800114143704
TCGA-BH-A201,0.09184560019976187
TCGA-EW-A1OW,-0.09239664002387585
TCGA-A2-A0T5,0.34531290045949503
TCGA-D8-A27H,-0.30593856080932325
TCGA-3C-AALJ,-0.007957060098232285
TCGA-A2-A0ES,-0.1228243466125328
TCGA-E2-A15D,0.06237451752387771
TCGA-AO-A03O,0.4441528487935178
TCGA-C8-A12N,-0.5142233106367777
TCGA-AO-A0J8,-1.0253866690393545
TCGA-E2-A14S,0.6353269524398679
TCGA-A8-A0A2,0.5601166217426484
TCGA-B6-A0RV,0.4278710077449117
TCGA-AO-A1KT,0.12373704019642497
TCGA-E9-A1RD,0.906839395054829
TCGA-AN-A0AJ,0.04010658200690634
TCGA-D8-A1XZ,0.1069900662001504
TCGA-E2-A1BC,0.019795757837661136
TCGA-PE-A5DC,0.4634545817373165
TCGA-A2-A0SU,0.19544366832941057
TCGA-A8-A099,0.9219675547539985
TCGA-AC-A3W7,0.2565156991958082
TCGA-BH-A0BC,-0.5219515035245342
TCGA-B6-A0RP,0.3543537765732475
TCGA-D8-A3Z6,0.8900813898937083
TCGA-EW-A1PA,0.5742270054881692
TCGA-S3-A6ZG,0.31905531689083344
TCGA-AR-A2LM,-0.38877866045531984
TCGA-BH-A0B2,-0.41020156346453984
TCGA-BH-A0BT,0.5412197657786062
TCGA-B6-A0WY,0.07748330193129978
TCGA-BH-A0HX,0.44862260782951047
TCGA-BH-A0C7,0.4333952491426723
TCGA-AO-A1KS,0.6720088444684521
TCGA-AC-A3QQ,-0.010691300936690969
TCGA-AR-A0TV,0.7283231323044103
TCGA-AO-A0J6,-0.6173961636597171
TCGA-A8-A09B,0.5698196006401394
TCGA-AO-A12H,0.8904831412524709
TCGA-B6-A0WT,0.2079378618082989
TCGA-E9-A22B,0.37934892650837654
TCGA-C8-A134,-0.5739830410710605
TCGA-B6-A0RH,1.4852750345360233
TCGA-BH-A0DZ,-0.15517805481471109
TCGA-AC-A5XU,0.2525479439885516
TCGA-E2-A158,0.3291203438715489
TCGA-AR-A24P,-0.17645346401549775
TCGA-AN-A0FW,0.6430576124835472
TCGA-A8-A09N,0.5029381308563458
TCGA-A7-A26H,0.14138001663447936
TCGA-A2-A0YT,0.7919102153290727
TCGA-E2-A1L9,-0.3981496173919122
TCGA-E2-A10A,0.7212894521849397
TCGA-E2-A1IN,0.12660385679870823
TCGA-EW-A1P3,0.2123117085042901
TCGA-D8-A27L,-0.6145443233531368
TCGA-AR-A24R,0.43187636525061945
TCGA-A2-A3XS,-0.03818345341804866
TCGA-AR-A1AV,0.8248185552652506
TCGA-A2-A3XX,0.17443893303483202
TCGA-BH-A0DQ,-0.2258042980806676
TCGA-A8-A0A4,0.21670162330919668
TCGA-A8-A09V,0.40394816215514745
TCGA-BH-A1FM,0.817976888332372
TCGA-AN-A0XU,-0.07242042169708783
TCGA-BH-A1FR,0.2941430194519902
TCGA-3C-AAAU,0.5364459082424187
TCGA-AO-A0J2,-1.1694441418386785
TCGA-D8-A73W,0.16005828851722487
TCGA-B6-A1KI,1.1443574825418503
TCGA-OL-A5D8,0.6307627485484854
TCGA-AN-A03Y,0.5191377552130887
TCGA-AC-A2FG,0.40454187494016663
TCGA-AO-A0JA,-0.143827540276903
TCGA-A1-A0SM,-0.04462178947046453
TCGA-E9-A1RG,0.22295632815245114
TCGA-E9-A1NH,-0.14634591123351195
TCGA-B6-A0RQ,0.10934710300911685
TCGA-A2-A1G6,-0.3480916596130067
TCGA-A2-A4RY,-0.32520043940562704
TCGA-AC-A62Y,-0.09559101979623426
TCGA-B6-A40C,0.1152154048013452
TCGA-AN-A0AT,0.7695271036499789
TCGA-A7-A4SE,-0.05955174981103327
TCGA-A2-A0EM,0.2160001514736922
TCGA-C8-A12U,0.26024323257977355
TCGA-E2-A14Q,0.5548602220818859
TCGA-A8-A09Z,-0.42448982863638607
TCGA-A7-A6VX,0.6689567925769263
TCGA-C8-A12L,0.40600727068453013
TCGA-A8-A0A9,0.7323433528886378
TCGA-A8-A08B,0.10030631646779055
TCGA-A8-A08T,0.26199644520324744
TCGA-BH-A6R8,0.6280443926931898
TCGA-BH-A0BD,0.2519086641405028
TCGA-A7-A26E,0.10830302696186841
TCGA-E2-A14T,0.6984534437319475
TCGA-A7-A13F,0.5739991472257642
TCGA-A8-A07O,0.38721484899170544
TCGA-AN-A0FY,0.7065658888262667
TCGA-A2-A0T7,-0.21650634403645197
TCGA-BH-A0WA,0.024695115835068244
TCGA-E2-A1BD,-0.49357962537825356
TCGA-B6-A0RE,0.4691670651814654
TCGA-AR-A0TW,0.19324009948519527
TCGA-AC-A2QH,-0.6764706996176374
TCGA-A8-A093,0.7198163323156952
TCGA-AO-A1KO,-0.3499845938257118
TCGA-AR-A0U2,0.4962952875066985
TCGA-LL-A442,0.6831820627623117
TCGA-E2-A107,0.7985877805725407
TCGA-E9-A22H,1.3347769525398485
TCGA-BH-A0HB,0.04978466308911472
TCGA-GM-A2DM,0.3557977144992535
TCGA-A8-A092,0.7486206235562692
TCGA-A7-A4SC,0.04428641791807098
TCGA-A2-A0YG,0.29684685598522886
TCGA-A7-A0CH,0.49383816945606446
TCGA-AO-A12F,0.8452651621714954
TCGA-A1-A0SE,0.4174199151483017
TCGA-AR-A24M,0.42303662348935395
TCGA-E2-A154,0.5417137141581428
TCGA-A8-A06U,0.37731408772018354
TCGA-A1-A0SJ,0.5132436275336595
TCGA-A8-A091,0.8778787773362826
TCGA-AR-A24X,0.1318628043310749
TCGA-C8-A12X,0.540547826023502
TCGA-BH-A5IZ,0.25303941144129194
TCGA-S3-AA12,0.7821762922806647
TCGA-BH-A0W4,0.6552682159696723
TCGA-AC-A8OR,0.24100989591677632
TCGA-D8-A27F,0.18357187011713255
TCGA-B6-A408,0.18020243853124873
TCGA-OL-A5RX,0.009630796598703875
TCGA-B6-A0IK,0.2108295732019667
TCGA-AC-A3EH,0.53443493259706
TCGA-E2-A2P5,0.4601708930184265
TCGA-AR-A251,0.3871972512459215
TCGA-D8-A1XU,-0.31173555835448047
TCGA-B6-A0IP,0.446256208504155
TCGA-E2-A15P,0.7502437417361468
TCGA-BH-A18U,-0.21117355418522496
TCGA-A2-A25E,0.6496734555300256
TCGA-AN-A0AK,0.3598901565740693
TCGA-BH-A0EI,0.36535367320531453
TCGA-B6-A0X0,0.43575296160641197
TCGA-D8-A27E,0.8165625523507359
TCGA-E9-A1N9,0.4393106720255979
TCGA-AO-A12G,0.3093649334019376
TCGA-E2-A1IU,0.4836335942380621
TCGA-E9-A1RH,0.5531386866531764
TCGA-AN-A0G0,0.6198719935300743
TCGA-A7-A425,-0.19745618495853048
TCGA-B6-A0IM,1.0861813372208822
TCGA-D8-A27P,0.6095917229539112
TCGA-AN-A0FD,0.2918459878715096
TCGA-AN-A0FX,0.2631538306727724
TCGA-B6-A0I6,0.11064406750871018
TCGA-Z7-A8R6,0.5215883492663724
TCGA-E9-A1R2,0.16610645182929942
TCGA-B6-A0X1,-0.06453207359363558
TCGA-A7-A5ZV,-0.11318582949926756
TCGA-E2-A1LB,-0.15062996383420318
TCGA-AN-A0XT,0.5066551091006218
TCGA-AC-A4ZE,0.6395360364332816
TCGA-BH-A1EV,0.38939683045235535
TCGA-A2-A0D0,-0.38910764107573953
TCGA-C8-A3M8,1.1840292474236198
TCGA-AN-A0FJ,0.14916978516455298
TCGA-BH-A1EN,0.3152527262614957
TCGA-OL-A5DA,0.40100720505538634
TCGA-A2-A0SY,-0.07672844923900163
TCGA-A2-A0YC,0.8583073093013427
TCGA-AR-A0TU,-0.19189967670312985
TCGA-AC-A23H,0.3969482170715903
TCGA-D8-A1JP,-0.12436523486923785
TCGA-AR-A256,0.06812087973378855
TCGA-EW-A1OZ,0.1888869102670414
TCGA-E9-A1R7,1.028654457331434
TCGA-AC-A2FK,-0.23146248110208809
TCGA-A2-A0YE,0.8075292901300251
TCGA-A8-A084,0.7250032417189856
TCGA-B6-A0RO,1.6159201344518035
TCGA-EW-A1PH,0.5753694862407829
TCGA-D8-A1XR,0.8884427049227399
TCGA-A2-A3KD,0.6478081196596633
TCGA-D8-A1XB,-0.17938142590667755
TCGA-A8-A08O,0.4725352970135521
TCGA-EW-A1P6,0.29535106642545117
TCGA-LL-A740,-0.07047973643066927
TCGA-AQ-A04L,0.34718450828692327
TCGA-AN-A0FK,0.9495212793043245
TCGA-A2-A0D3,0.05207764796261879
TCGA-BH-A18T,1.2768696089296938
TCGA-C8-A12T,0.13239240537135227
TCGA-E9-A2JS,0.8524905783366268
TCGA-B6-A0RU,0.13384016629710901
TCGA-AN-A0XP,1.2185341874630422
TCGA-BH-A0E2,0.5534918015216791
TCGA-AR-A2LE,0.421252256690049
TCGA-D8-A1X7,0.8009491055938572
TCGA-E9-A1RB,0.28476794467548927
TCGA-D8-A143,0.8193958856466976
TCGA-BH-A0H6,0.21349916239596714
TCGA-BH-A1FN,0.4466450097132977
TCGA-B6-A0WW,0.6565518143643078
TCGA-AO-A03P,0.7259532296305496
TCGA-BH-A18N,0.7210354757035025
TCGA-D8-A1JC,0.4782776452317906
TCGA-E9-A1R6,0.9418951247654281
TCGA-E2-A1IL,0.37993660026556997
TCGA-AN-A0XO,1.0623576511240809
TCGA-E2-A15F,0.7838534001666803
TCGA-AR-A2LL,0.28240847654871737
TCGA-EW-A1J1,0.7019663324174976
TCGA-A2-A04V,0.34563246021698213
TCGA-A2-A0CW,0.42768178818465774
TCGA-A2-A0ER,1.8611777173276713
TCGA-BH-A0HK,0.14944053166674248
TCGA-BH-A18P,-0.08137800001182288
TCGA-LL-A7T0,0.3111126438680654
TCGA-A8-A07I,0.12044895609436017
TCGA-A8-A09M,0.2404910260381497
TCGA-A7-A5ZX,0.024777618932965276
TCGA-BH-A18Q,-0.38606680009438304
TCGA-OL-A66K,0.15201509336411284
TCGA-A2-A1FX,0.2892492660012531
TCGA-5T-A9QA,0.4998955101205118
TCGA-B6-A0RI,0.11096535225813081
TCGA-D8-A1XJ,0.13994579656417072
TCGA-E2-A1IG,0.2836932317585402
TCGA-A2-A0EU,0.672131802280945
TCGA-A8-A079,0.5522600946595575
TCGA-EW-A1P0,0.3447257537523635
TCGA-C8-A1HN,0.8911737854617537
TCGA-OL-A5RV,0.2702215321659294
TCGA-A1-A0SQ,0.6333665301675558
TCGA-E2-A1LG,-0.40418723277161783
TCGA-A8-A08C,0.44648166315351207
TCGA-BH-A1ET,0.35009039299219036
TCGA-A2-A0D4,1.348027690646588
TCGA-A7-A4SB,0.5811904329118305
TCGA-D8-A3Z5,0.11856672151708517
TCGA-A8-A07L,0.37139455852319636
TCGA-BH-A28Q,0.33843634034113906
TCGA-C8-A273,0.49884430667608126
TCGA-B6-A0RN,0.060284597300956394
TCGA-AR-A1AS,0.22630551397450302
TCGA-AR-A24N,0.5049844782293068
TCGA-E2-A14U,0.23298875892601695
TCGA-A8-A09C,0.729119076708397
TCGA-A2-A0YF,0.5397957139835922
TCGA-B6-A2IU,0.29443889533840717
TCGA-E2-A15S,1.2381844339748103
TCGA-BH-A0E1,0.8186315818441656
TCGA-A7-A0CD,0.8649590343753568
TCGA-B6-A0IG,0.8658359531011577
TCGA-B6-A0I8,0.45199201159960145
TCGA-BH-A0HI,0.7152873964998057
TCGA-E9-A1R5,0.29728138769640117
TCGA-C8-A1HE,1.32820821391497
TCGA-AR-A24H,0.8896610884738808
TCGA-A7-A0CE,0.8545576353933875
TCGA-D8-A1XA,0.4877537430645066
TCGA-E2-A109,0.856730603262069
TCGA-E2-A1L7,-0.3950198922861938
TCGA-C8-A26V,0.16851393813562393
TCGA-AO-A12C,0.08572268179265062
TCGA-BH-A0HU,0.3250301527412022
TCGA-B6-A0IO,0.8242192033670838
TCGA-E2-A15L,0.6287148606038843
TCGA-B6-A0WZ,0.554434656773697
TCGA-AR-A1AY,0.14006600253166115
TCGA-BH-A28O,-0.48757204349832917
TCGA-PL-A8LX,0.40396998314096005
TCGA-E2-A1LK,0.18575332017721807
TCGA-AR-A0TZ,0.8147405717103269
TCGA-BH-A0DH,0.38024074421425624
TCGA-A8-A085,0.8975681985961692
TCGA-A2-A0ET,0.7907383999863437
TCGA-A7-A13D,0.6141287144060299
TCGA-E9-A249,0.4250067770978985
TCGA-AC-A6NO,0.2901876106806439
TCGA-A2-A0T2,0.30705881204495494
TCGA-A8-A08S,0.6644011269655495
TCGA-BH-A0E7,0.9177094302841267
TCGA-E2-A10B,0.35000882353995855
TCGA-AN-A0FF,0.1709932004091955
TCGA-B6-A0IB,1.214157209475326
TCGA-C8-A12Z,-0.06893855325669256
TCGA-A2-A25B,0.3283394463500912
TCGA-BH-A18S,0.8826861959588739
TCGA-A7-A3J0,0.5458244599535569
TCGA-D8-A1XV,0.6658575707474541
TCGA-C8-A12M,0.6728936911906546
TCGA-AR-A2LK,0.9178190196914311
TCGA-BH-A1FD,0.6120775886371334
TCGA-JL-A3YX,0.912143695584508
TCGA-S3-A6ZH,0.8237275673089685
TCGA-AR-A2LR,-0.02553217583773159
TCGA-C8-A26Z,1.2578530626983269
TCGA-D8-A1X9,0.1545738163791361
TCGA-BH-A0DD,0.5627636749606254
TCGA-AQ-A04H,1.2475462485809037
TCGA-E9-A247,1.1347772021608233
TCGA-BH-A0BS,1.2988442450685378
TCGA-B6-A0WV,0.7361252693756364
TCGA-C8-A137,0.4487948402384083
TCGA-C8-A1HK,0.28059790458466444
TCGA-A7-A0CJ,0.7668611800299311
TCGA-A7-A3RF,1.3556884238315898
TCGA-LD-A7W6,0.43923250897377686
TCGA-A8-A09E,0.992015434979165
TCGA-EW-A424,0.29080350088273504
TCGA-W8-A86G,0.2883581801735191
TCGA-A8-A07Z,0.5166816713343442
TCGA-C8-A133,1.173029156905378
TCGA-A8-A07S,0.8285257096162402
TCGA-E2-A1IE,1.2575486581826354
TCGA-E2-A2P6,0.19799746929219758
TCGA-E9-A245,0.4525151527317763
TCGA-BH-A0W3,0.4937006557075484
TCGA-A2-A4S0,0.6445592914167102
TCGA-BH-A0HL,1.139227337351011
TCGA-AR-A0TY,0.33421114221271114
TCGA-A8-A09K,0.738763534207671
TCGA-BH-A0HY,0.4677161046525347
TCGA-LQ-A4E4,0.48750928696448204
TCGA-D8-A1JA,0.4502377433368885
TCGA-AO-A124,0.6904728338471154
TCGA-A8-A06Y,0.76162194770069
TCGA-E2-A15O,0.3873594305752377
TCGA-A2-A1G4,1.0838045159160947
TCGA-E2-A14Y,0.6497052286008154
TCGA-BH-A1F8,1.1520489258209379
TCGA-AR-A24Z,1.7020018064324058
TCGA-AR-A0U3,0.45999743339887433
TCGA-C8-A274,0.6014260384266522
TCGA-BH-A1FL,0.6006705754808431
TCGA-D8-A1XD,0.3520044219662869
TCGA-A7-A0D9,0.5386489705426477
TCGA-A2-A1FW,0.9291951616311555
TCGA-A8-A07R,0.9344881376134127
TCGA-AO-A0J7,0.9182146768899131
TCGA-A8-A083,1.1994653107474615
TCGA-AQ-A1H2,1.4087375446400328
TCGA-C8-A27A,1.05696863737157
TCGA-E9-A228,0.9720610667494443
TCGA-D8-A1XG,0.7194197583557559
TCGA-HN-A2NL,0.38698030536499073
TCGA-B6-A0RG,0.5562462770326622
TCGA-E9-A1RE,1.3244115071981688
TCGA-BH-A1F5,0.6929124053230034
TCGA-EW-A1OY,0.5774704930567492
TCGA-AR-A24K,0.9479237867382285
TCGA-B6-A0X5,0.5397126618210216
TCGA-A2-A0D1,0.5609190817080414
TCGA-AC-A2FM,1.2298187419848168
TCGA-D8-A1JI,0.6981759711764361
TCGA-A8-A06Z,1.352181230051048
TCGA-B6-A402,0.4239079274976487
TCGA-AR-A0TR,1.2735725462137693
TCGA-AO-A12B,0.8388918768729741
TCGA-BH-A1FG,1.10587912843357
TCGA-B6-A1KC,1.048382984819795
TCGA-E9-A1RC,1.360387336131295
TCGA-E2-A15T,1.4910425762657196
TCGA-A7-A3IZ,1.1316610360468522
TCGA-E2-A10E,1.215164170776823
TCGA-A8-A0AB,1.0024083741717864
TCGA-AO-A0JI,1.17619579390238
TCGA-E9-A1N3,1.021177301758235
TCGA-OL-A5RZ,0.0576555250625298
TCGA-C8-A1HO,1.2639328274927721
TCGA-AR-A1AH,0.781620856236734
TCGA-D8-A1JM,2.3712857442766238
TCGA-BH-A18L,0.73139992937786
TCGA-AN-A0FL,0.5213354104922748
TCGA-A8-A06Q,0.86388603200204
TCGA-EW-A2FW,1.0228315464806794
TCGA-EW-A1PC,0.7170282991432212
TCGA-D8-A1XF,0.9495666197400027
TCGA-E9-A5UP,0.3784786843283553
TCGA-A7-A13E,0.2775049448366044
TCGA-B6-A0X4,0.6553627550559856
TCGA-E2-A155,1.206502532976674
TCGA-E2-A156,0.44029834312133026
TCGA-AC-A62X,0.5731400417884163
TCGA-E9-A1N8,0.4571088772711406
TCGA-A1-A0SK,1.6545110252037019
TCGA-E2-A105,0.9646494687942138
TCGA-B6-A1KF,0.5548916390251787
TCGA-A2-A1FV,0.7851543305414604
TCGA-B6-A0RM,0.9382367616215699
TCGA-A1-A0SO,0.6896309877223066
TCGA-A1-A0SB,0.04356584000967888
TCGA-BH-A0B8,0.5368840415029936
TCGA-E2-A15R,1.7372724664164418
TCGA-E2-A15J,0.6409632969109401
TCGA-A7-A13G,0.8152111222301731
TCGA-AN-A0AR,0.5597143979891382
TCGA-OL-A6VR,0.9119884595265381
TCGA-E9-A22G,0.9158807038148896
TCGA-D8-A1XC,0.7366798923726477
TCGA-D8-A1JN,0.2910536557738883
TCGA-BH-A0H0,0.9874246834655424
TCGA-AO-A0J3,1.6129108139062842
TCGA-A8-A06N,2.3262998989077635
TCGA-A2-A04R,0.9587098353415212
TCGA-E2-A106,0.9957733190899771
TCGA-BH-A1FJ,1.06240598494172
TCGA-BH-A204,1.5215347067366305
TCGA-AC-A7VB,1.4138444101769823
TCGA-EW-A6SA,1.4577722816848981
TCGA-AR-A0TP,0.318907808946914
TCGA-E9-A5UO,0.6435047736010744
TCGA-AN-A04D,0.7221580941248765
TCGA-D8-A13Y,0.5042529410073548
TCGA-D8-A1JS,1.422184522976064
TCGA-B6-A0IC,1.5548755969093773
TCGA-AC-A2BK,0.5638173045327848
TCGA-BH-A0HW,1.7027255333459745
TCGA-B6-A0RL,1.5329055843994428
TCGA-EW-A1OX,0.836140292314405
TCGA-A2-A0CT,0.5997077661924093
