,Eigen-Patient
SDPR,-143241.32273608178
ADAMTS5,-203435.71489735824
PAMR1,-68245.56340350918
LMOD1,-277655.66190420114
PDE2A,-94485.10558880276
SCN4B,-53747.81972470733
SPRY2,-138265.7027163046
MME,-621378.3807752962
LIFR,-236138.57884335544
CAV1,-1193166.5670503527
STARD9,-117917.68553965764
CAV2,-417505.95794223103
SRPX,-283134.914674471
LDB2,-149010.08678134863
DST,-1144693.5163396408
PPP1R12B,-288011.22115457786
PALMD,-324944.0462437063
TNXB,-614557.7791973625
LIMS2,-208602.94063833015
SVEP1,-427732.7590318192
MATN2,-272540.62026865437
PLSCR4,-223573.05177470326
PPAP2B,-707175.8632660636
EBF1,-165303.32801401027
GPR146,-47735.33136398041
CNN1,-220598.94620683813
GSN,-5093131.2765968
RBMS3,-200658.39248129257
NPR1,-127504.85769918373
OXTR,-19570.23566002412
KLHL29,-56148.8036807781
ITIH5,-407723.29174361966
LHFP,-451171.0323931002
SLIT3,-801460.7113067352
ABCA6,-141357.48946270035
TSPAN7,-230901.65625441138
JAM2,-235182.25421913553
CACHD1,-101355.59569367573
FGF1,-127251.44710510883
LEPR,-155789.2029717298
CDC14B,-113499.51327161556
CEP112,-71855.56369772741
CD34,-593657.6430315372
GPRASP1,-68806.32996571276
CXorf36,-227482.78681456213
FAM13A,-99378.54417608984
IGFBP6,-104280.336470094
TNS1,-1394747.8310220062
TXNIP,-3930134.268112116
METTL7A,-343132.15763908206
IL33,-324398.5285586529
GNG11,-278281.03113351646
PEAR1,-87656.64616619766
ANXA1,-2507018.50326071
PTRF,-3362301.903722085
DMD,-228745.21236860388
GNAL,-79746.12849281609
FOXO1,-420710.08329691645
CLDN11,-112385.91522075814
ITGA7,-157513.6568306179
PPAP2A,-271173.27584672
FAM13C,-58862.30410090782
SIK2,-234839.45188087458
ENPP2,-740540.8045320625
EDNRB,-98448.59654552239
AOC3,-603438.0056510512
PID1,-83666.75718894791
SEMA3G,-131823.3111670137
CLEC3B,-80847.75616947275
FMO2,-610870.2564066786
SORBS1,-473518.1973946588
ROBO4,-184690.11392456005
CD36,-1658436.4735805606
CCDC69,-519306.5956165236
PROS1,-365411.4703838675
PGM5,-97294.82786619333
EPAS1,-1573522.61919429
NDN,-180046.92475231906
PDK4,-628376.3125451601
TGFBR3,-48822.325867598454
NR3C2,-7269.601489451818
SH3BGRL2,-28909.18754179646
MYZAP,-4013.149130948375
TSHZ2,-337945.4269544098
GYPC,-349058.6302860505
AKAP12,-486406.63645585655
PPARG,-90396.1911780778
C7orf41,89559.08326252465
LIPE,-293246.75424507674
AKAP2,-815543.8545310263
AQP1,-1901294.2420875449
FZD4,-356370.5865108108
GNAI1,-123238.5637163553
MMRN2,-353166.1584763659
SHE,-121286.95191992864
S1PR1,-366657.14407031605
NRN1,-151425.66644243343
MYCT1,-92928.38009537564
EGFLAM,-78364.80764480274
GALNT15,-206375.64023381117
CXCL12,-2227231.4513638797
LTBP4,-358411.2315540626
DTX1,-60963.9327704027
CLMP,-184764.07786509933
DDR2,-925794.0078670571
HSPB6,-277515.63192669896
ISM1,-147515.9626979787
NR3C1,-478151.3443601011
ACACB,-57456.22534790918
WASF3,-67688.88552470776
CDKN1C,-44856.27403585893
FAM126A,-264150.3701668041
MYH11,-678408.4378689372
MYLK,-1350324.5943043418
FABP4,-1402996.6784823576
GPR116,-287731.55793395167
PLIN4,-1177586.321940252
LPL,-826016.1154768746
SYNM,-839364.1207994447
VWF,-2420173.7035911847
KANK1,-122038.38204109418
MOCS1,-10688.843170017455
MCAM,-810148.036273182
GHR,-5440.871170184013
EMCN,-178256.94091446986
NDRG2,-539722.6826724885
ALDH1A1,-592906.7050610064
KLF9,-300565.82474359876
PLXNA4,-147976.14342679485
GYG2,-121596.39673480114
CAT,-223082.27811895483
FAM189A2,1342.4095436639195
DENND2A,-9220.74548595457
ERG,-166885.10016203194
PDZD2,-301518.9980056753
C10orf10,-1298976.8744144833
FERMT2,-481294.1923944038
SLC35G2,-20191.140636615877
TMEM37,-134053.23828621907
MFAP4,-1076587.386091967
MSRB3,-487988.1705704828
EGR1,-3576768.3143205503
CRIM1,-1249.3453530728184
ECM2,-363366.23646111175
RHOJ,-144930.9908367109
ECSCR,-48242.47434974981
SPARCL1,-3427470.03554662
COL17A1,-382463.4321812538
GPX3,-1401443.9545277876
TGFBR2,-2270608.2283615638
SAA1,-910895.392066121
RBP7,-22816.805753996035
CBX7,-78842.39518763675
KLF4,-307553.4149436896
PDGFD,-95931.65079899173
IL11RA,-67681.11264272184
GIMAP8,-305340.23297132837
ARHGEF15,-140419.24283999944
ARID5B,-596787.9687528557
PALM2-AKAP2,-77859.4838909223
GPAM,-215382.4558977533
AASS,-27960.03572554003
KIT,-422969.1941066907
MRGPRF,-91399.5765912863
KLHL13,-53784.24483602955
EBF2,-31441.222916152747
THSD1,-47214.59381086125
ABCB1,-92313.65531063949
ANTXR2,-571535.3523398327
PREX2,-120170.41781769865
CLDN5,-134474.97659252287
PER1,-252188.36869224548
NMT2,-125355.07002406729
ADCY4,-106228.51557037472
MAOA,131852.22790413303
KCTD12,-1780640.4601819923
ANKDD1A,-35605.12885071803
SOD3,-268247.7536325396
KCNMB1,-67123.3608984149
RAPGEF3,-46460.255830033646
MMD,-123027.56145159967
CD302,-85144.79172657843
ANK2,-259288.62950895887
C10orf54,-670253.9827977265
MRAS,-572193.831238661
CYYR1,-174126.7920567966
RECK,-233650.3117293722
PCDHGB7,-93654.52452881096
MAML2,-398981.53193632176
DPT,-911435.4395279656
C10orf128,-151240.45936297093
SPRY1,-452071.0738272069
C17orf103,-74569.33547023054
PTPRB,-281271.72083643015
CSRNP1,-297055.5184704236
DARC,-534323.7643790132
MGLL,-306015.35520188406
CNRIP1,-127303.001954888
CDH5,-456816.39972202043
ADAMTS1,-750237.8747907847
DLC1,-368580.09703095985
TEK,-140147.7387522001
AHNAK,1544900.665831685
ADHFE1,-6927.852661114043
FGF2,-65965.57585176543
UTRN,-859958.1989393865
ALDH2,-1364060.8808200662
ACSS2,-13755.6608193696
RUNX1T1,-98410.83826403251
CCM2L,-28506.46702637133
SSPN,-133563.4930459032
NOTCH4,-139093.6151581643
DCN,-12388020.124241361
GNG2,-390896.430454742
MAP7D3,-140294.18875317197
GPR124,-534297.4255445728
PELI2,-34366.7517790032
ABCC9,-147780.79828552558
ANGPTL2,-1109541.4573624304
RNF150,-223795.07071057954
DIXDC1,-68884.01418044172
CPED1,-180080.24811927392
ACSL1,-1195270.5352433564
ABLIM1,-519298.3306425705
ITM2A,-451535.47464957426
ABCA5,69983.24026313002
EMP1,-1676025.84500446
CX3CL1,-1555344.461680887
CLIP4,-179300.0100624738
CELF2,-751457.8546285303
IGF1,-605889.656169715
RGL1,-451670.5677783154
FOSB,-999895.0543195665
DNAJB4,-128367.82458207173
PTPN21,-102276.55900836749
CREB5,-62143.20644976067
MYL9,-2138322.9003704297
ACTA2,-3158814.166874447
DOCK11,-467658.4995198671
DGAT2,-294515.239232629
DUSP1,-1839919.6096899605
CFD,-143149.51393054947
STX11,-89522.86033476212
NPR2,-104466.47252399936
SAMD4A,-224497.36770440667
N4BP2L1,-95444.27454629212
TBX15,-78917.09962405406
EPB41L2,-890999.1327026814
FAM49A,-260020.38745703315
FOS,-3622013.2218215917
TYRO3,-40095.229526243
ELTD1,-339556.88589769957
PRDM5,-28974.864928723564
CES1,-229604.14107779154
SLC29A4,-30393.353164425247
CDH23,-75777.72184360339
PTPN14,-543219.8994357579
APOLD1,-158799.2144617455
SOX7,-75944.48206297551
GRAMD3,-171210.04465014537
CCDC3,-161483.00031847417
DPYSL2,-978526.2627084223
FAM47E,67186.76229566426
STAT5A,-608360.8056340901
CSRP1,-900526.0652977123
EGR2,-388466.66278320376
AKR1C3,-231489.79108202612
ZCCHC24,-467508.38841152174
NMB,-34285.1964381861
PLA2R1,-78450.53305379492
TMTC1,-109273.371579179
GPRASP2,28569.73474282263
NOVA2,-19460.168998548303
LRP1,-6186414.004096098
PRKAR2B,323877.58023248543
HSPA12A,23694.68048232651
CCL28,-123357.50298834335
GIMAP6,-473197.02786506305
RGCC,-231270.66666512357
CDH13,-68099.7831767177
EPDR1,-54415.50055579444
FADS3,-119097.57759861561
ICAM2,-213877.3651934668
AIFM2,-64193.905083493904
PCSK5,-145930.76730697587
THRB,84857.1061724556
CD200,-186201.8439564093
ARHGAP10,-128056.02829910468
KLF6,-1492696.1336737382
LARP6,-53383.70685395182
CD248,-679724.2165304628
PTGIS,-466933.3400284717
ZEB2,-816453.7854481476
SLC9A9,-170760.03770724195
PLEKHH2,-60637.325462605964
RASIP1,-109239.79014591484
FAM47E-STBD1,10927.355673327966
RNF180,-8553.991169896279
ZFP36,-2105900.4363148017
VIM,-16440939.794829419
CRYAB,-1077824.2539381527
AFAP1L1,-92324.42548997511
TACC1,-853438.8427082689
ARRDC3,-679583.321010431
CCDC8,-151283.95192119144
PFKFB3,-77668.82182854753
SHANK3,-192441.47469054314
EOGT,-194690.86994934417
DUSP6,-435355.54513232165
KAT2B,-120826.10642491722
GPR34,-136096.32603567583
SFRP1,-2147446.897544015
APCDD1,-252566.00814207437
CRYBG3,-225368.46584426129
LCA5,-12360.603491031323
TINAGL1,-412140.74672849517
SERPING1,-6026577.472742896
NTRK2,577053.9433321654
ARHGAP24,-116229.96252957293
PDE1B,-109246.21354182447
PCDH18,-304723.4971507462
GPC3,121806.87776340602
PIK3R1,-878262.3236147898
AMOTL1,-451748.4521570968
LAMA2,-553982.4952990831
PRNP,-1187346.1527296822
DAAM2,-77008.11587694277
LAMA4,-1149030.1710161362
ARL4A,-161099.34071002365
NGFR,-166814.09622213617
CLEC14A,-179742.5372787675
MEDAG,-172034.18031641102
ETS2,-510218.15444933076
ABI3BP,-679484.5748294677
NRIP2,-22901.927324568827
EGR3,-310590.98979211436
OLFML1,-203028.03464452014
SOBP,-46680.64662449483
PYROXD2,4193.455194402731
MAFF,-117234.97476733955
CYR61,-3074216.325837796
JUN,-1663803.18254913
TRPC1,-32955.584320495305
MT1X,-268483.17509209446
MPDZ,23832.175396551767
PDE7B,-41528.55469267264
PTPRM,-476766.5220772804
SYNE1,-651620.2810028543
KLHL21,-126284.84856449068
RNF125,-94013.86754649719
TLE4,-209546.57514328288
SASH1,-189174.8156024857
HSD17B11,-315713.16648326337
ZFP36L2,-2679379.6562199593
CCDC80,-3762411.914919656
MLTK,-51931.56125262538
GIMAP1,-222567.6834750731
HSPA12B,-91735.81306229999
PRKD1,-75268.58723856398
PTGER4,-250222.29471236464
PLAGL1,-210147.1389086847
KIRREL,-576125.1689766673
KLF2,-300779.65331942256
LMO2,-156691.25527906968
TCF7L2,-217598.5290944712
USP53,-63375.818266272305
FOLR2,-256232.55072294103
LRIG3,-248045.42524417574
ADD3,-591023.5276717987
RARRES2,-695183.0825545251
LHX6,-47043.07323719319
ALDOC,68115.88262035041
TBC1D4,-184239.71542310127
FLT4,-79781.59976615933
CPM,-361348.05918229907
RFTN2,-51772.96704895653
VGLL3,-288849.4223171323
EFEMP1,-754419.6749027679
LAMA3,619047.4894421063
TLR4,-412649.64807207586
VLDLR,-188075.6698147319
MEIS2,-107870.46309125758
SEPP1,-754924.5843148406
PALM,85149.67624640097
NFIB,-820772.5784601037
SLIT2,-257040.78923171133
LPCAT2,-332290.8464107394
FHL1,-720415.2233224025
INPP1,-84984.06659339182
GRASP,-75715.44444834825
FAM212B,-29586.818289892042
FLRT2,-267112.9647131367
MAF,-555329.7767740674
FNDC4,-73346.7468113934
TMEM170B,24062.197265626648
VSTM4,-202627.1356263443
RILP,-52136.49072441036
PPP1R16B,-367451.4003100213
LDLRAD2,-47388.65186704828
TIE1,-236175.99257950528
EVC2,-60550.124228669396
BCL6,-157550.8009034776
CAB39L,187305.27451144502
WLS,-265442.5943568424
FAXDC2,-2909.1727628727176
CYGB,-147270.22204108685
PPP2R1B,-31251.97617346886
AL163636.6,61627.36817556792
TMOD1,-66605.98665521313
PPP1R15A,-525493.9304866372
MYCBP2,-740775.011664304
SMAD9,-47545.41773758444
SHROOM4,-95321.46757435663
ZNF502,-26820.181572547586
PDP2,16423.682514340995
PPARA,-180051.65641643602
ECHDC3,35196.37275143613
PVRL3,-44733.454126492754
MMP28,-42689.60645204323
CACNA2D1,-101276.5712811491
RND3,-502290.21286590456
C1QTNF1,-417276.00398903474
FBLN5,-657358.5401368754
PRICKLE2,-80412.264146357
ARHGAP31,-590205.8435290579
RGS2,-471025.0224974612
FAM43A,-83718.55734835357
F8,-18735.83954395405
CYP26B1,-79429.0017186715
CCDC82,-176846.4181165416
PDGFA,-66319.15542518713
ZNF677,-49671.43046621289
IFFO2,-181884.2456436584
TCP11L2,4570.152761115997
JAM3,-236141.81023799285
GAS1,-510254.0242357945
SYNPO2,-134986.3712680556
ATF3,-671808.8124020378
KLHL3,-33982.46316873372
GPM6B,-176690.90449639907
SCRN2,16733.13216273286
STON1,-146494.6788062818
ACKR3,50645.0324203327
TFPI,-247688.3786346811
FLI1,-432556.9176876017
CLIC2,-314250.2834058893
ARHGEF28,43343.4137202843
SERPINF1,-3170183.859476616
SGK1,-924173.6912984734
FGD4,-49211.49665463248
MFAP5,-839830.569856321
RNASE4,242554.61846930333
FGF7,-287138.17882716906
SKAP2,-297765.2508536429
ACADS,62604.35241782617
PCCA,-9315.138420212066
NFAT5,-139455.84764108175
RHOU,-122770.60900367156
TIPARP,-23307.288443263627
FILIP1L,-581569.1955066094
KDR,-244694.3119285239
ADIRF,737716.2497992828
HADH,194245.1355420218
CFH,-1224250.7597088413
BOC,-353303.7835335774
RASGRF2,-205929.72888105357
PTCH1,-67819.5026769985
CARD6,-174629.78207036774
PKDCC,-64531.22458217482
NEDD9,-393511.00381187914
RCAN1,-618647.6091033125
FSTL1,-6027401.418992199
MOB3B,-237872.8426738051
PRELP,-1005132.3260519184
ZC3H12C,-83498.73661494454
NRP1,-1284054.658433402
GIMAP7,-346863.64359615406
FAM69A,-77916.84853783443
ABLIM3,351809.1919365087
KLF8,-47191.32981366825
XG,-80000.90472664645
KIAA1683,-1211.4780753655868
IL17RD,-112741.74315099539
RIMS3,-54912.74105098398
BACH2,-122476.89522134548
EMILIN2,-407752.05048594676
RBPMS,-117268.57700960453
COX7A1,-22196.061150828114
PPL,-278516.9477756578
IGJ,-5207556.74119381
OLFML2A,39444.852772681596
PRX,749.2516820465141
COL14A1,-2099117.6863615154
MEST,-21172.573103336068
FEZ1,-60996.00949603444
ABCA1,-470284.57687095215
ECHDC1,-168674.89200651785
DHRS3,-178159.07091773392
GIMAP5,-485414.894595036
LYSMD4,-26948.466712163186
DNAH1,-57048.360705829335
DKK3,-459770.8510342568
ARID5A,-307851.2040845023
PECR,37939.603167395086
DMTN,53110.636913817456
ANGPTL4,-181142.4865554228
PCDHGA6,-16704.02665158839
ADAMTSL4,-168173.7186450979
FLT1,-147758.18759418817
CFL2,-51360.97943433087
MRVI1,-194514.92580493583
RNASE1,-1511570.2939152103
EPS8,44390.485310599324
TAGLN,-4012832.1248129504
DPYD,-581770.9762158226
KIAA1614,-30406.057644011704
MXI1,111837.66648180105
ARHGEF6,-7809.7048455254635
PLTP,-1315479.467977661
TUBB6,-812304.0124119635
APBB1IP,-412916.40128110105
ABHD6,-20104.910364732536
BST1,-70415.99239644378
F3,-198188.74027651845
DDX26B,-132043.8188190844
ACSL4,-710169.7635487713
NR5A2,-28247.681219540264
MBNL2,-237396.7933972589
SGCB,26282.341523152594
MAGI1,312552.0194567219
PYCR1,194566.09982403618
KPNA5,-25658.577725445557
FHOD3,-95832.30378156372
SOCS3,-1131304.576404241
EFNB1,-163612.9951398686
GNG7,-46418.71780679528
HSD17B6,-25470.025906186347
POC1A,18301.6693528143
MT-ND5,3245906.3834890067
NR4A1,-886559.7652352069
MITF,-167619.20984847363
RPS6KA2,-306844.25155761774
MT-ND1,5969396.097836764
EPHA2,-195712.58613452446
ZNF662,-2290.9682958321882
ATP2B4,-765663.4013459141
TNS4,-79597.02320213016
RBMS1,-748593.2378433743
CC2D2A,23339.780120659776
SPC25,17826.77989289028
PGM1,-366602.35734941723
RFX2,1068.1394617243127
STXBP1,162619.66196024904
TMOD2,-35054.54395080821
ACCS,-44009.17456349716
MT-ND6,-185932.86531851534
EPB41L4B,40050.01133567199
NAV2,31065.911827034655
KIAA0101,76007.69331012314
PKMYT1,52520.456539279934
GSPT2,-54933.62502635393
PLA2G16,255495.8699670908
RASA3,-452923.44881782937
SOX12,237163.4806612025
FAM83H,812666.9673831668
MEF2C,-406546.3777206465
PDE1A,-53585.27446772372
NLRP1,-337327.75918834226
PDGFRL,-382857.3067879003
KALRN,-17910.388247449417
OSBPL1A,150319.20936483092
C16orf59,31191.400046878844
PELI1,-304665.438549391
SPG20,-149536.42404701794
MID1,-217529.68780154304
NUSAP1,155666.14489356527
CPXM2,-500833.1192104913
EHHADH,-18873.713769625112
WISP2,-522291.7682070515
PDLIM4,-135642.57391479542
SH3BP5,-301817.0725479676
SLC25A25,-4692.244091749582
PXDC1,-334220.79889708664
TACC3,-67706.73390672528
RASD1,-125638.16540208494
C1orf115,92417.28421008126
SIRPA,-1318997.0113174557
MECOM,-150284.7468402885
ID4,-205088.9697198974
TPRN,148602.42499059052
B4GALT6,-2975.679878558764
NT5E,-334378.0512633255
CTNNAL1,-48996.67576207638
LAMB3,-930618.4625904203
CCNB1,133887.10722483232
NEK2,94446.61337340527
ZFPM2,-91027.9536890192
C1QTNF6,-483301.70771277434
PC,74199.62521088183
TRIM59,-103963.80318245095
RRAS2,-92471.07146753199
OGN,-360943.21973659686
GULP1,-103723.1354955141
SEMA5A,-111415.61314906883
NUAK2,-13442.738075096826
KIF4A,83027.9807016224
LIMCH1,-213098.22622788546
CTHRC1,-1272907.185799366
TM4SF18,-109877.8361043801
RPS6KA3,-648301.7901217944
SLC12A6,-94684.91200035006
SNCG,-24751.6801374269
IRS2,202491.54191999233
SLC50A1,364243.7291299721
CDC25C,30242.692853604207
RAD51,15369.93955494797
LMNB1,45195.16843596776
HMMR,42841.530465855474
BGN,-8785048.523432244
GFOD1,-117961.89613643946
RAMP2,2285.5440347499007
CD93,-1055360.4071397607
COBLL1,-27378.622240033594
ESRP1,739229.6572444339
TIMELESS,316032.0643241308
CENPM,12202.117754480209
LDHD,43898.801656134645
KIF11,141592.04104969557
KIAA0754,-54748.992073397494
MT-ND2,10174765.99649274
THSD7A,-58903.414723018126
TMEM133,-25940.30670470084
BUB1B,58546.62085500945
SLC52A2,30296.44284782031
LTBP2,-2020494.1122907242
AMT,-4989.220481548708
PLCH2,-16314.407201546566
TCN2,-427625.3810691161
CCDC64,170939.25685831084
EVA1C,-141622.83927259035
TJP3,284005.2246951767
REV3L,-91759.83064850754
KIF20A,27703.72833269943
PRR19,7296.606286262639
LLGL2,521334.4636304387
ZWINT,206021.47918437442
GDPD5,-98456.48926252729
PTPRS,-124948.63636608055
OIP5,3868.1632913080034
FAM89A,11103.469734025648
SYT15,-98086.03758106063
KIF26A,-25462.63036459283
CFI,-352521.8583723117
ADRA2A,-55653.51610956193
MFNG,-230027.19177219522
GOLGA8A,-156958.96035785694
P4HA3,-111717.84275588449
ZEB1,-423953.95596069476
H2AFX,-38494.32872171921
NOV,-118044.50293047106
RGPD8,-7565.043652728583
MCTP1,-208665.9481968961
INHBA,-766806.8832896834
SPC24,550.9432864166047
ADCK3,-37166.386655532115
UBE2T,85774.92231105486
ASF1B,54143.10611845034
RACGAP1,227264.59162962248
MIF,395377.5629214562
MEIS1,-61272.19392599029
CLIP3,-105227.65209197938
NUP210,700622.8221638071
TTC23,-73188.70594604383
KLF7,-230683.03736702667
TRIM29,-737515.3697387176
MGST1,143146.90796522796
FOXA1,4379376.118009796
PHLDB2,-74407.90186625942
KIF23,53119.79374453447
PYCRL,158400.05360884726
TSPYL2,-72107.43822429687
GPRC5B,-444898.8370513407
CHD9,-105383.32515950389
THBD,-192099.0726639924
ZNF471,2313.8848693602563
FBXL6,24678.65655646171
MICAL3,-148222.9727433348
ARHGAP39,172951.84614617465
ETV1,-130562.45582704572
CKAP2L,23381.079582933868
RNF217,-161356.58961105868
MT-ND3,1148588.651878669
PCNA,220551.1181520415
GALE,65380.58160606327
RNF157,122594.21965364045
SLC1A3,-460086.53831412416
UNC5B,-328875.92717844585
PCDHGC3,-412996.50193566823
DAB2,-1160763.4606493295
ESPL1,92131.63412843038
FKBP4,4874796.223189888
GAS7,-801568.2146289409
FLVCR1,184195.2870037381
FRMD4A,-264745.9846005656
LPAR1,-170849.49264477813
CKS2,11010.153310128386
SESN1,-54862.26576748421
PAQR4,130999.32158695569
PPM1L,-4890.95655244525
AKAP7,-41109.26396314798
IQGAP3,60303.31357964136
VIPR1,72364.25892535191
ANXA3,-313296.0825955386
PDGFRA,-1037614.8102980361
ARHGAP26,-308406.09735797957
MICAL2,-442050.54824510444
PTTG1,-50469.58700015845
CIT,101563.92009652036
C3orf80,-57555.066032021336
LAGE3,-29779.2702350713
BOLA2,2386.74085908942
CDKN2C,-66385.63583580527
NEXN,-170236.0210961802
LEPREL1,-111140.42610126048
HJURP,-5617.805335143364
IGSF9,83172.1256221944
HGF,-100901.39514833977
GSTM2,150978.18599033402
AGPAT9,-37689.41078369007
CTXN1,91640.80069882586
BHLHE41,-439065.18697828555
NCAPH,19168.620230889446
CASC5,28397.566931037152
ERCC6L,3977.420456517695
TRIB3,119016.46986805918
SDF2L1,-14636.999141883849
PLK1,22061.778284988068
MBOAT7,535306.5315370108
ECT2,250189.10212972932
PODN,-897933.8727528289
ALS2CL,-100329.02281731172
TROAP,34420.489884995455
RCAN2,-140692.51509826127
SBK1,260210.83577186582
GINS1,46685.16853878596
NVL,121914.30867241859
PCDHGB6,-32489.228449648348
FZD7,-221246.99291587799
CTD-3193O13.9,455908.3703398273
TUFT1,238703.22059131996
ITGA9,-169437.29270648884
FEN1,88707.2512861243
MLF1IP,195920.03853135172
MTHFD2,-8970.70796039121
PBK,66964.30748272125
DTL,231519.12125308835
PER3,115921.62213356959
MSX1,-10894.649352191413
PIK3R2,-94887.0126231499
KIFC1,15190.142309180452
HSDL2,322706.0506876959
CENPF,205074.2738441351
ALPK3,-51024.8463577658
CLCN2,34825.71670352813
KIF24,33787.959335773805
MAP3K5,-207627.91709568474
NCAPG,44994.2008278632
NCALD,-140636.4874647968
C1orf213,-9727.759983480022
C1R,-5002500.399787466
RECQL4,98331.26779921351
PCDH17,-62133.3495349632
DAPK2,14047.531541740314
FGL2,-1147927.4856388834
UBE2S,27361.76101286098
PTPRG,-184725.7677050724
RBBP8NL,47772.57547773694
COPZ2,-169592.22659189446
TMEM206,-5233.814762446184
S100A4,-1319675.1424276722
PROCR,-76829.7846955158
ARHGAP6,-38957.507008574335
CEP55,-35016.8983722509
TLR3,-115513.71180651904
ANKRD65,-65250.984597174975
PLEKHA4,-209698.85726690767
FAM195A,87295.51762891524
HAGHL,54315.68095218544
LY75,-619234.7469075882
LRRC45,71108.60532449884
PPAPDC1A,-101252.06945515779
PLCL2,-180022.1520390125
GPR68,-118046.99306863743
GTSE1,-1617.3703473623486
CENPO,40265.55564069683
SHCBP1,-32973.87950085517
TPX2,40963.21494897226
MTFP1,-6924.266612732389
LONRF1,-29321.50232513053
DLL4,-69932.66644664438
CCNB2,2654.7921244584
MMP19,-272786.853404857
RELT,-105102.41008117728
ACOT7,17242.051986445724
ALDH1A3,-633885.7628699074
AVPI1,-33353.63906625239
CHST3,-348455.8242365515
FAM173A,39585.64254465818
PPP1R14B,-324088.11735844245
CACNB3,266076.72568423185
PAFAH1B3,255100.8969212705
KIAA1109,365876.7269784587
DLGAP5,13145.461919553292
RMI2,36032.00885339107
MKI67,-25875.441557344675
ADAMTS14,-64163.22466879305
CENPL,4855.266935359364
MISP,327631.4666803744
OGFRL1,-334185.28815322014
BICC1,-364190.3700363149
PRC1,339339.808425204
FAM110A,103502.91897861082
LRRC8C,-418665.70542175224
MFAP2,-594093.4274302027
RASSF7,66641.33686994991
CDC45,13899.486161961782
FN1,-62987475.20269386
TIGD5,28215.22575833634
BUB1,-47728.07525395371
SMIM22,424860.77520038834
SUN2,-1111293.0313260085
ESCO2,19582.411423961647
ZNF132,5589.039039683264
CBX4,424769.4150451086
ENTPD7,-40574.91380913828
SMC4,75043.00620649039
FMNL2,-564828.4908182548
HN1,-21270.927006213133
FAT4,-205356.4951048041
NAT14,25670.54330937867
OLR1,-328385.1752000051
AK4,-108044.6053441677
POLQ,16509.8824035527
DEPDC1B,993.3259407980432
C19orf12,-123822.3220056893
ZNF467,122640.73464359957
FAM203A,112640.47540441796
TONSL,48393.6820405235
LAMP5,-77742.96715511443
E2F1,108451.51547644996
MAD2L1,109345.83192504791
STRA13,100989.64147855497
TOMM40,-42904.59007537604
CENPI,9540.060989710137
SGCE,-218452.5943659272
RHPN1,279161.9481703311
C19orf40,2855.4095959149604
TMCC3,-125712.99754153297
ADAM8,-345071.97157447936
CDK1,90815.68450630305
FNIP2,-147708.08347398706
FANCI,291993.6880684701
CENPE,78928.05726116519
PNPLA7,51456.428639970756
IRF7,-181631.6916035662
CENPK,15682.512265212994
LMNB2,-190506.52025120248
COL5A1,-6537317.024619437
CKAP2,23589.75633918158
AMY2B,-25730.4989945638
ZNF219,-975.0602295300916
KRT19,15041749.297286734
BCL2L12,-50205.7604963694
C3,-15113731.259382324
B4GALNT4,151908.49354953083
EXOSC4,25183.62378981801
MCM2,172905.24333276803
C14orf80,17614.40226410733
DPP4,-264137.19915517553
FBLN1,-3063848.539443079
FBLN2,-2595274.139474008
TCF4,-1046347.0606850612
MMP11,-3659960.9926435654
PRSS8,1417377.885460594
FOXO6,21170.147771282438
TTYH3,-1193327.26169701
EPCAM,972176.2759891894
ADM,-118938.95643226609
RASA4,-200300.02417741556
EVPL,229112.34762251464
DDX39A,-193169.22071336128
DZIP1L,-30877.368036785538
SEMA6A,24268.464400251167
KIF26B,-416532.3770989928
EXO1,22100.538317754337
CEP85L,-72976.67285467025
TMEM54,166845.64622727747
ANKRD36C,-15452.173609535283
ARHGAP21,-305390.6506507382
GPRIN1,38677.81563535523
PDLIM3,-253154.16704545318
SDS,-143172.1814364288
ZACN,144837.89894099545
POLE2,23883.37042675209
FP15737,-101231.5872885222
PLK4,22536.03810729646
C9orf116,65272.02491896661
CREB3L4,1016648.8342999705
CDCA8,-45069.44053863109
UBE2C,3304.091561719446
PSRC1,12138.145650114779
EZH2,6284.270303236437
ZNF608,-28704.808940264917
TSTD1,355373.5043885828
C7orf31,-33465.81621334962
CDKN3,13835.429132251329
SLC25A22,-12773.459747925002
ZNF391,-19366.46441610605
C1orf112,32075.98699687627
C1orf233,53805.69044185952
ARHGAP11A,70546.22715628435
RMI1,107723.25714537242
HELLS,69069.75086968207
PLAUR,-577463.2873012678
HMGB3,329023.9770170226
PHACTR2,-294307.3534909907
PYGL,177931.0973214233
SEPHS2,744381.1114765308
SPDEF,1463779.6858755853
ZDHHC2,-5804.300010833452
KIF18A,18421.676599916853
PCDHGA9,-27002.288793364747
STXBP2,419689.8567372406
KIF18B,42219.84882561592
RRM2,72696.27968773214
KPNA2,249659.34654907833
MFSD3,178147.89693533655
KIF15,18355.27452423744
CBLC,62211.12697846653
C9orf142,-58598.53080908108
ASPM,17031.828808214836
CCNA2,-34523.03683141011
SEMA3F,1056437.7760889048
PRRG1,-92719.9081899458
ARHGEF37,122820.95855182208
KNSTRN,49991.21114033621
DBNDD1,144185.7320666384
SACS,-211333.1287379504
HSD17B7,77757.71464763107
TDRKH,10419.715405212548
TMEM55A,538.6860149285804
FYN,-596419.6664253143
NUF2,56761.07533777511
SGOL1,9308.572511786066
SDC1,-2939277.3878957233
NFIL3,-292645.6791385072
TRNP1,13173.001608943865
ADAMTSL2,-69638.03374801241
ZNF423,-107153.99769885962
LOXL1,-616235.4278225005
EDA2R,-1776.1177134119362
FAP,-797603.9431086511
DFNA5,-113939.5791704691
PTK6,102964.35580477264
GPR125,-14528.627051189851
FOXN2,-182079.14860385578
MST1R,29940.395804402673
COL1A1,-100995779.29530415
LSR,-188413.01421486877
GATA3,8977107.388206188
SHPRH,33558.702518746264
AURKA,7604.240491803902
NFATC2,-354199.83795330435
SAPCD2,63515.70994479755
PUSL1,-7859.177949959957
SLC44A4,853151.5882064725
WDR76,79056.2886975785
CANT1,1668808.8936690476
SERINC2,930746.6197025479
PARPBP,21552.813001895967
PPP1R16A,186117.32956188964
FZD5,-37120.1029230456
KIF14,11081.134863388917
ZNF707,44295.37395436137
EFNB3,41056.23470840678
F13A1,-1212994.0815994637
ADAM19,-495204.39113708393
SLC37A1,-57734.90178943585
LGALS3,-1321957.003216066
FZD2,-10663.079593505296
LRRC56,89269.92519923854
SKA3,9609.359601956174
CHTF18,65260.27492110141
CBX8,72773.1170685449
DCAF13,181713.4913123478
DNA2,23921.630096157507
LRRC15,-2341710.823587677
TBX18,-107967.50025672832
MT-ATP8,996369.2890019778
MELK,-42131.892384436374
KANSL1L,-32983.59808294783
CLSPN,10251.690955788434
APOBEC3C,-620074.814176844
TPPP,90909.06960868323
GGCT,93913.46654859369
ZNF354C,-21381.74320725468
ADCK5,6691.118407655559
PPDPF,1250101.6353360852
NDC80,-28578.67098078999
CDT1,-9776.457182779386
BBC3,-3182.9086445907687
XRCC2,19056.55749483262
NME3,249267.4793824638
FAM189B,86284.16481790523
FTO,150699.5031034133
SLC25A19,-44249.28054796343
SNAI2,-253974.9265852539
CHST11,-635439.6931486779
RAD54L,704.3647282470446
ERRFI1,26955.82945727875
SOCS2,33709.1306379436
POSTN,-14280982.161434248
FAM213A,367148.44507606386
GINS2,156575.49897847496
OXLD1,49384.63823397012
MZT2A,150867.72838487275
CDKN2D,-5496.925241267359
TMEM132A,-6853.359113133934
GAB3,-120563.99180859806
PGAP1,32510.464218638816
MS4A4A,-314657.84601151437
CDCA3,24693.24445483765
DPP3,145821.38248975747
SGOL2,20597.579007434542
IER5L,-58975.55088960843
ABHD11,172289.34300732982
GNG12,-328645.963861243
ZBTB12,48867.78308176926
BARD1,20306.17149803093
KIFC2,262521.92506201525
GEM,-489869.44077608926
UST,-22010.10005638384
PTGER3,242027.644363644
BRI3BP,422631.5079169385
SEC31B,-20387.753906936392
HSPE1,240028.9305395914
ZNF367,45034.227670131426
SLC39A11,417170.06480790774
PDE8B,26246.745187978348
COL10A1,-1701289.0317574076
ORC6,1461.3937749018423
COL5A2,-7375667.430713435
SRXN1,222520.35311607862
ZKSCAN7,-11413.410864225509
FILIP1,-40752.620440413164
SIPA1L3,480168.8278737332
TYMP,-1663592.8315768891
CPNE8,-131639.09734361243
S100A14,293881.5315694678
SPAG5,213218.80066877502
INCENP,-12970.405177878669
BCL6B,-120618.87710910404
TNFSF4,-114036.00500402985
OTUB2,35172.47606613935
KIF2C,-77267.51281522115
CLYBL,-22344.213506638484
DOPEY2,227153.82047810103
BAIAP2L1,138606.76648951424
WDR62,25946.852439676306
CDCA5,17098.47416900312
TFPT,-23111.92804836986
RASL11A,-50185.030323797895
ALYREF,-84296.211170573
RAD54B,57716.084037243
ESM1,50044.790372785195
ZFP37,-17747.177451999203
NREP,-377052.5437662172
KCNC4,-44732.39290588377
TPD52,3382994.4062000816
RNFT2,37036.88216909431
C11orf96,-145960.4653519485
ZDBF2,20883.24650656742
ID1,-142889.07174781876
LRRC61,3558.632546897577
PSME2,-1015526.3835493906
HBEGF,-150921.86820978456
BIN1,-326550.3119796902
FAM83D,-21435.65729518588
BCAS4,190790.91280233103
PPARGC1B,-80055.5004810728
MZT2B,269587.3829062642
SIGIRR,295062.3070475434
FOXP3,-163175.76775953706
HYAL3,5324.764073079487
STAB1,-852813.0995769206
MXD3,225.13541702967277
ZNF296,-16655.922726540888
FANCD2,61181.51733593488
ZNHIT2,25634.491511419594
RTKN2,-27923.157804051843
MYO19,185124.08052633773
GEN1,14618.863315568587
MINOS1-NBL1,-2734.098015059394
TRIP13,35242.950818660436
CHAF1A,27716.543693913358
MYC,-254716.93763690948
HPN,458440.12928595697
ZNF239,108912.1495279181
EDN1,-166986.56545692193
F12,9428.452555437354
RNF208,52122.38518834751
KIAA1671,-38581.95670591392
ACSS3,139626.4284296458
WDR90,221152.3199845493
DBF4,-22569.242638617878
HOXC13,24662.19466237869
LPCAT1,25496.478759464993
CORO2A,305354.426203098
DONSON,-5798.899648855292
POLD1,-68708.19914594141
HLA-E,-12230564.044695647
MRPS23,263121.75937226147
TMEM184A,179883.8750685949
ASPHD2,-42090.58150133847
FBXO41,97847.61847727482
STIL,-32224.3558639515
MRPL12,10030.47773892528
ZNF462,-110845.26931993813
AURKB,-26743.811048500647
KIAA1462,-513605.9991905043
RIPK4,-117506.91928737538
DSN1,92009.11557913889
APOO,51517.868902474314
MMP14,-5380402.09893775
WDHD1,79033.06608152605
RORA,-145402.54802330816
AUNIP,-261.0831470858837
GRAMD1C,61044.10417794637
KRT18,6135776.704534983
SHROOM2,176127.1044336949
ATL1,-13400.986041391337
LGR4,164548.07105470914
MICALL2,-41266.21204706096
MERTK,-163735.43382550214
KRT8,6075627.009578652
PAICS,955196.8344784569
BIK,86030.04251690593
CABLES2,70931.76671699053
ATP8B4,-65729.16269427731
PNKD,-257810.69316389452
RFTN1,-631788.9193000135
VEGFC,-91425.32543962296
HIST1H2BK,71262.31324248869
FAM111B,83583.79365923497
HOXC10,181150.1460089504
C8orf76,35130.45680963239
HID1,1630064.622026465
CILP2,-203043.4057278472
GOLGA8B,-31849.45033390056
ATAD2,521857.3233443572
TELO2,86535.1601548956
IKBKE,-200857.36867401178
NCAPG2,96306.29163747326
DARS2,237873.0281499726
CDH11,-1914706.0043825228
MAP1B,-496836.2714726567
ZBTB42,327846.2315277703
CALD1,-3438431.8199213124
MAP2K6,-36334.76636323716
SYNDIG1,-104210.24413406616
DEGS2,630948.1030463816
EFNA1,229738.27224700063
KNTC1,138214.89118676085
SAMD10,13111.233105887148
GSDMD,-63819.621162547366
ME1,-64506.20312040533
ACAT1,134747.84806889264
CCDC24,132726.45741413103
PCDHB4,-12080.683007007365
CYBRD1,948681.1453214516
NTHL1,52910.150759191936
SYNGR2,328197.4458611578
KCTD9,-181389.57316174146
STS,-101592.35731748042
ECE2,-38479.39469127312
SKA1,9566.499746353775
E4F1,113661.86993655447
ACTL6A,126650.63668015845
KRT17,-1826981.0512578455
A1BG,25914.89691068847
C21orf58,30291.79308708834
MARK1,-15348.512064069097
ANLN,-114969.73774220544
CTPS1,-71226.88046783856
PRRT3,198575.31835611074
SLX1A,-63389.5870135405
CDC20,-185927.75204978263
EFNA4,-18312.07768358542
C19orf48,-74981.39482675334
RAB26,82460.30007054574
RPS10-NUDT3,-26708.834713590193
TMC4,1033985.2497450875
MCM4,483777.3415427604
EPS8L1,19700.828501171178
CHAF1B,44356.169875721585
YBX3,-856868.4023744753
SCRIB,282962.6566037754
KLHDC9,106322.47148897132
GOLT1A,28278.17616087687
OVOL1,133175.99121401244
ADM2,-49945.10840617254
VCAN,-6595518.932320219
PLS3,-1470541.0444736348
SORBS2,-117759.54887596576
TLCD1,62286.00107419292
ETV5,-182876.80267674217
ZNF501,-9473.24660124052
GPR160,386865.89354494505
LIG3,371432.49137813936
FOXM1,141070.0751708514
IFI30,-4207057.01688899
KIAA1524,-4404.284801223024
SLC22A18,115794.71393035229
TRIM2,-216420.96734787003
TMPRSS2,-84345.72075022607
HEG1,-1241047.3483468262
PRSS22,-6115.963279379586
FAM49B,-193510.73011362267
GRTP1,131240.353519736
FAM64A,4789.686787667897
PHLDB3,96811.30321078848
ORC1,-11277.499488646856
CHEK1,3678.3095164626534
GIMAP4,-797851.5710370272
ZSCAN12,-12771.568070961473
KIAA1211,21289.055832665053
SLC25A10,170098.3672471085
TRPM2,-140901.1978066503
SUV420H2,28774.47705032154
P2RY11,-39276.52809911482
RARB,-95549.73454295425
BLNK,-82652.81680417957
MCM6,-42540.80430926051
ERBB3,3709924.1938374
PGK1,-122797.253153817
WDR27,10154.398469250913
PDK2,211693.6095476227
CXXC5,1017163.5403742684
CELSR1,3043803.265159104
SLC25A30,-26844.65230121379
ECHDC2,128462.58441515146
FBXL16,340233.3752528104
APBA1,-21687.070481281295
ZNF774,7949.6589681556925
GALT,-59990.508491729765
ESRP2,317742.33128814015
MAGOHB,26988.423593412586
DSE,-575794.7808550384
SLC16A3,-365817.3074107191
ARHGEF39,1046.8128196413154
FCGR1A,-313594.27208359586
ALDOA,10209354.515803365
ALDH6A1,356288.65981587616
EML5,22785.686894883274
PDF,4595.84095266229
RRS1,51387.79661617811
CERS6,2561101.2727810596
NUAK1,-179668.60302800042
MBNL3,-220732.14715561748
TTK,17890.273230818435
METRN,298148.5904268036
GPRC5A,3418903.1084729973
POLD4,142262.049444029
VPS37C,310367.3343508986
PNP,-189611.36203173245
AOX1,-99807.35188107721
SH2D3C,-224629.3577862486
IRX5,597449.7568583342
WDR54,70960.1815021222
ARHGAP11B,1298.2273132136127
N4BP3,285345.377391475
ATAD3A,-81893.91184723613
INTU,112547.33080356315
A2M,-10388393.825071195
SAP30,-2001.614678528653
EPHA10,61555.68793532679
hsa-mir-1199,93244.11056850078
ERMP1,665454.4742831668
SIX4,266996.4722533708
PRKAA1,-364580.54366144654
COMTD1,2994.1488237552694
E2F7,32166.71379792135
HOXD9,-26194.263675542803
TBC1D7,10118.031703968214
VWA1,-108672.63842925217
PFDN2,-92709.63523626034
BIRC5,12096.677026681036
MLPH,3679574.866733133
CLEC11A,-179500.6638186481
SEMA7A,-143554.15702793997
SQLE,443930.5580951762
CDC25A,12631.273988998813
GLIS2,-408337.1278251295
TRIM68,-36864.009870942784
MATN3,-15670.702305628125
TIMP1,-1520183.08339418
IRF9,-120748.04739299005
CEP85,132387.22104113872
ABHD17C,225005.63549229078
WTIP,-77019.17460636218
MUC1,1080522.1215506138
SPR,476168.7590526787
RGS14,-92969.17716177808
NECAB3,646765.7594626928
ERAP1,-665159.2718925358
GK,-31133.38023026735
ALDH4A1,44211.669768290405
HIST1H2BD,452792.14076462266
WISP1,-385199.30811635463
MAGIX,19167.257676540656
C1orf159,-15212.91636974198
TMEM63C,175371.30249736048
S100A11,-3052807.0083252727
SOX18,-90966.86793097014
DEPDC1,4623.024781053478
PPM1J,154420.75345383707
ANO9,34480.49125543797
CENPA,-20230.680095978714
ANXA9,478664.0796599852
FAM72A,-116.36724361783378
JOSD2,-44073.949293675454
CDC7,23574.651234869772
NCOA7,-715908.5663174288
CPAMD8,-97852.05987445134
TK1,15597.482300542573
E2F8,-3777.752166986244
ARRDC4,-93540.02706877784
BOLA1,38835.42320022742
RPL39L,-40093.45907815159
PLIN2,-775317.7664314698
ASPH,412121.84661665425
PLEKHG5,-44574.39357646278
E2F5,41181.56765867022
FANCA,-59757.75053847291
PITX1,33216.43412516815
SNTA1,41945.64326015742
MEIS3,70370.73573939013
FES,-130976.307692507
MCM3,146327.7528815924
CXorf40A,179608.17991762905
LAMC2,-898932.0740570168
SMYD3,48912.92037380471
MAPK8IP2,402191.2854134848
UNC93B1,-137061.24408663192
CREB3L1,-138466.14389879964
THRA,122616.79782441616
IL1R1,-712127.6112423941
MANEAL,233559.45059180167
NCDN,208839.59961164827
PYCARD,-208889.01377650746
SDK1,-51163.504352838696
SPAG1,145577.4885965872
HIST1H2AC,758532.5647015653
COL1A2,-74329774.6934542
RFC4,8438.779584321217
COMP,-1875876.1021600002
LIN9,5990.272759518573
KLC2,345367.5400040571
NDUFAF6,197022.465006961
SLC52A3,106070.1204713461
AK8,34324.67529251123
ENAH,-230911.86290219548
SVIL,-528227.1916545498
VSIG4,-459272.54093280225
TMEM121,35879.236709196826
TPI1,440982.62175398687
RHBDF2,-269408.15065017494
BRIP1,68659.96331463415
PARP9,-462875.11120896577
ADAMTS6,-35501.38826777556
RGMA,-195228.60290134136
ICT1,77462.69192498404
RGAG4,-45115.36652894154
PACSIN1,13991.555703603166
CHEK2,-12701.409405811137
HMGA1,-656052.6602619133
SLC39A4,59557.22075343075
ZFPM1,24550.406721318705
OLFML2B,-1013646.8763191176
FANCG,27136.917645662757
CLSTN3,-334079.4510974056
PDPR,-107795.3138732896
CDK2AP2,54972.936833704545
STMN1,117254.43426593381
AMMECR1,-41334.77290945924
CMTM7,-278027.2241888791
SCAND1,33621.808559500314
PTMS,691047.8334524186
DOK3,-181277.2709244434
SECISBP2L,123759.51896528728
CYC1,286458.5597053988
CXorf40B,265212.69288837124
CLEC5A,-100121.31875417741
KRT5,-4015353.3003190355
TYMS,-25089.57438025994
SIAH2,1200872.4149491233
KCNK1,-56488.97583406463
RAE1,199015.00379089356
TNFRSF18,36067.69661106787
CISH,115896.49805752927
HAUS8,-17976.585829031148
CCDC88C,354629.8453818666
TBC1D31,4615.464891012715
FAAH,343477.95429706865
KLHL2,-106572.40460003867
ACSL5,-582652.2141624849
NFKBIE,-294162.12753273774
RUNX2,-261102.8016611893
ARHGEF16,125678.5681751205
CRABP2,4326233.710624483
FXYD3,1161600.8203157345
CALCRL,-220663.2762983532
GCAT,74809.3785690432
KRT15,-333523.80555329064
PDXP,52520.96183229584
RAB17,236442.3305357468
C11orf82,-6651.235022634483
FXYD6,-169410.9290711343
POLR2K,309281.094885712
HOXA10,-51529.91557277788
AEBP1,-8722909.68005139
SLC9A3R1,5151030.82795773
HMGB2,546339.5450487764
CDCP1,-202210.3053315608
S100A16,-503863.3366635369
RNF145,-712058.0463997106
ARHGAP42,-78021.42088719035
SCD,3762785.011914505
PODXL2,463194.9706146554
GPSM2,8780.295801594535
SUCO,908301.07319687
TMEM134,102611.13575059058
WNT7B,47950.21606161358
CTF1,-1601.970336694409
PWWP2B,-1936.5314193273305
ZNF281,280294.1328397897
PVRL4,1120.6670391343364
APOL6,-2003448.8420295299
BLM,23953.865712280567
RAB11FIP4,353713.5157933568
E2F2,-41276.16201278379
CENPN,-41542.86492181645
MOCS3,61913.686093327204
MAP3K8,-99724.63829871574
KDM4B,1541167.032844303
TRAPPC6A,111218.6751396232
MAL2,775790.9679740363
SEMA3C,630861.9035245525
NT5DC3,13793.672056192823
RAC3,84921.4283247001
SPIRE2,74345.832588691
SH3BP1,-263711.6912938363
RAD51AP1,59376.51134705371
FOXRED2,199255.87546126766
SCCPDH,619553.2591319676
TIMP2,-5885113.852464352
PARP10,-88968.37822982205
HEYL,-44473.63436931675
BMF,-55820.18861668849
NSF,635203.4556424594
LRFN1,2469.791431351007
ASB13,683025.2018580718
ATF5,-250700.13294618137
BIVM-ERCC5,-21118.610751778255
MXRA5,-6071696.761973727
SULT1A4,-41563.02290549792
ATP6V0E2,284283.70779579674
ESPN,35888.001615241745
VPS37D,36563.24580118445
LY6G5B,-15313.122400753493
ISOC2,-62859.66176474126
MAGED2,9601870.463866042
SERPINH1,-2263433.609633657
PPAP2C,201858.69677975168
TSPAN13,5242300.977838369
HYOU1,-208564.83341100375
TMEM106C,710220.8740073044
KCNK6,179488.21062466878
GALNT6,1453688.665796693
ADAM15,-293127.92215396866
YWHAZ,4766102.791395369
FBXO32,-1193411.8771140233
FAM129A,372417.1785268261
FBXO16,22508.13703521252
MYBL2,22235.637960889228
SNRPA1,-9821.400871581121
DSCC1,27988.0725996547
TET3,14609.342631305684
NDUFS8,244666.4531755472
COL12A1,-6777924.227043318
COL11A1,-2987997.271632482
IDH2,-406846.87960701436
PHF16,51490.79403756703
PKN3,-17421.173209779332
CA12,7101010.892746007
ME3,15878.335176016259
TEAD4,-46728.38521782997
NOP16,-62042.437891216716
ANKRD13D,125394.41778356677
SOX4,482309.8205775618
TPBG,554425.1265670054
GAS2L3,118.82004543023223
RRAGD,-124796.63186045393
TRPS1,5933663.874554754
XBP1,27655898.877105113
CYB561,987455.0986621358
PIGT,1943835.326646063
TRERF1,86515.38835789319
PSMC3IP,51413.607310361724
COA4,143485.89119507832
HIST2H2AA3,28047.278174818646
IL4I1,-361165.4499494733
AZI1,30804.64198902799
DIAPH3,16710.546618869936
H1F0,2228326.086572899
PLD1,-209807.97044633032
LAYN,-79644.23665578994
P4HTM,528708.4158085212
GALK1,-19465.820104980943
FAM174B,606044.5933039862
UBE2L6,-1043753.7851236208
STK32C,-64.90324541822639
IGSF3,14945.989779012316
BSPRY,101034.76359751693
RTN4RL2,5635.853808793514
HDAC11,479260.64398617414
ZNF93,-14896.269120759542
KIF20B,41737.29519493086
MTERFD1,36976.54014082367
CAPN13,171304.6904717614
FDXR,106379.75649838129
DNAH14,34689.88157921305
SRPK1,-96076.03634615504
TMEM79,-5412.322745047166
BEND7,-14794.12594920609
BOP1,-69084.39475723887
RALGPS2,436506.24821480963
MCM10,19118.547978111634
CLEC2B,-219693.48113476287
ETFB,-126501.35592706632
TOP2A,1299644.5184249172
OXCT1,-42456.41077210002
MPP6,-78130.59433458488
IRF5,-139838.42841360776
BRCA2,-4655.300716827611
MCC,19359.517343187294
GRINA,1665664.0208404225
ABRACL,-186663.03436798768
ETS1,-2234716.1135968557
SNED1,-202432.71536989254
C5AR2,168195.59075530566
STAP2,-5139.650032275805
SEC61A2,34985.900463898404
ADAM12,-1763487.1569112826
ST14,-432143.37572567014
ANKRD22,-86733.59956137279
WDR4,-26800.730504949894
TMSB10,-6851264.297813334
CHCHD2,402691.29881430994
HIST2H2AA4,248539.2011619085
TFAP2A,1319693.496072277
ABCG1,238304.20887214976
VWA5A,-216281.40343426954
IL21R,-237442.66426919444
C2orf81,46542.59015474294
LZTS1,-112350.58669845373
RASL11B,-21604.49064317542
OAZ3,-11655.56873377025
UNC119B,194589.4660044814
CASP10,-219224.58459819545
BRCA1,209693.0430760482
GJA4,-77435.45086407667
RGS10,-318094.691811628
ZCCHC11,-159210.8841167461
COL3A1,-78997102.87545927
ENSA,981329.1917150784
IL6R,-303880.7761786929
ITPR3,219987.64479535655
ALPL,-355518.80449939944
BTBD11,-28229.83519732832
MSI2,1416574.6411149038
ADAP1,15132.989311520701
DPM3,20472.281691467026
IGFLR1,-159895.2551402151
PAIP2B,61006.68618723274
9-Mar,42335.48068546802
DENND5B,-22923.23157985112
HOMER3,-210804.53484767064
KLHL17,-1838.5559817302492
ZNF579,-3502.384028201968
SERINC1,925597.3969012821
ARL10,-60771.73373532785
HSPB1,3003217.0418102806
PRR15,532066.7643372588
ANKRD6,-64075.303957128526
ADAMTSL1,-82352.44145478954
SH3KBP1,-712418.0508333578
MYO6,1786236.1515022253
STEAP1,-70373.53963453145
ZMYND10,99706.11814335317
SULF1,-2862833.1980240303
PARP12,-295482.6060990333
RPS6KA5,44804.811872088394
CSE1L,647673.8648214632
LPIN1,-430593.6093958366
GNPNAT1,336020.2654394089
JRKL,-120918.0817863634
DHTKD1,244563.40558485492
PPAT,154445.54490411805
MAP7,699282.2031475815
IL20RA,174019.29433613605
ZDHHC13,106756.64400063004
SSBP2,213987.4385070223
TPPP3,50451.58148449041
DCBLD2,-154491.10665828062
NBEAL1,7001.6900130107815
EGFL7,-82553.51782347038
ADAMTS9,-241616.53742980782
LEO1,284298.54033637384
SPATA17,55259.80585330362
COL15A1,-1638597.1825782233
EME2,79568.75914763665
RRP1,-91639.74302928678
PRIM1,60883.94751841885
THY1,-2006186.4547636989
FAAH2,121626.43868100562
TMPO,246375.05016562555
CCL2,-597006.7174077502
HIST2H2BE,919415.372394148
TSPAN11,-108066.41858515637
MTFR1,68326.01404010563
LRRC59,1711.4402787632334
PDCD2L,-1492.6937477643157
CDCA2,-63092.19134178717
CCDC106,110568.30701807977
C16orf93,29022.539572132147
LYPLA1,1035994.8625940549
ZDHHC24,49803.309458994525
TRPM4,25392.64205788376
CSGALNACT1,-209514.3561445676
RAB31,197907.07118578095
MPHOSPH9,61506.84540370514
DHRS13,119418.76362626118
CCNE2,81066.23688151043
RHOD,105859.68981994162
AMIGO1,98642.30125133133
KBTBD11,27430.49894536471
BCAT2,368373.4784940035
FBP1,764653.4924854983
DHCR24,5598366.646337194
KIAA1199,-297950.8770434726
ADAMTS7,-105664.73086833447
ELL3,39274.64340057983
RAB3IL1,-188795.51377580065
C2orf74,-48939.11547066942
SFXN5,214607.73541767354
GPR143,40538.25191127391
EVL,2394003.948632832
HSH2D,140770.35155770616
CCDC96,34986.82609409522
DECR2,105313.7204804108
PLEKHF2,973445.0437235186
VCL,-775253.1396907144
TSPAN18,-215888.46728573742
MSRB1,-45484.68777774317
F2R,-764048.2501060767
STARD10,2819096.944872776
ARFGEF1,1135339.134799089
RASL12,-90544.15657337179
DOCK4,-243997.75015276103
NFKBIB,-111514.77413097334
TRIM3,222512.0046107604
ABHD15,9663.725097664308
TTC39A,1115216.7446082272
PTPLAD1,2760123.606956299
FHDC1,250467.4134602211
SLC11A1,-82892.41595679239
OSCAR,-108827.22634129057
ARHGEF19,24488.93443890447
OCLN,560984.1245359372
MBP,-333900.7586346014
STRA6,-89756.30561094094
PLEKHN1,-20952.71010520423
PROM2,465695.894270717
PMP22,-673337.8121830988
FUT8,458754.98504965566
PIK3R3,150882.02789287263
PAXIP1,255051.76910500307
B4GALNT3,128344.67748642917
GAPDH,5458068.906102052
RTN4R,-1145.5179193226022
CELSR3,149153.92909782674
DYNC2H1,61545.09872579996
KIAA1107,36420.24673588164
TMC6,-300047.02355155715
PRIM2,7914.202656811175
SFXN1,350138.59506031056
TCEA3,648247.301729654
RAD21,2462056.5044711935
GSTCD,137251.31686777668
NME1,160701.78466808112
ZNF469,-372699.8733820048
ZFP69B,-251.17280680303284
SLC23A2,7708.728387813453
C4orf46,10595.179555664763
F2RL2,-317467.89139567636
KCNJ11,194218.86842286325
ZSWIM4,-153578.2144547989
SRP54,384928.2856487342
PTRH1,8296.326162947564
MRPL15,-21924.509161428185
STAT1,-6509343.3496875325
PHLDA3,-145210.76380557826
PARM1,-227339.11032927872
MTL5,565653.2006870355
EFNA3,41473.60672617667
NKD2,-49963.5646981192
SAC3D1,5902.299608091942
ZNF623,203969.8421618645
NTN4,-150216.31532074852
CHST15,123678.53382161184
MCM5,-201954.5580203805
MYEF2,346758.35597666714
PYGO1,-3731.1301756559287
SPSB2,-3303.6448865223138
TNFRSF12A,-300625.9920962323
C15orf52,-142012.97874987958
SLC2A4RG,228597.60507292283
HERC1,72888.90526654109
ETNK2,342308.0248425698
BASP1,-116640.62143462316
TCIRG1,-314531.69494780415
KDELR3,-213376.82882800043
POP1,-19987.697835294897
ABCB9,58316.0292984975
FCGR3A,-2235716.3252085703
ARL15,-108482.94572810762
AMIGO3,19341.674515491166
PTN,-575412.5630328294
MRPL13,141996.3578640691
METTL2A,98035.2489726511
SLC2A1,411854.0905535594
XPO5,-15238.462205741182
ALDH1B1,-380813.37185298296
ARHGAP5,211945.97172919754
TICRR,14057.958008514575
GPR137C,29406.833151550545
SYAP1,870749.9627717892
SLC7A8,1235319.9178945518
FAM83G,83739.30506265702
MICB,-43107.257515351856
ZNF692,67310.94090146958
NDUFB9,202640.03569558027
LAT2,-234729.22184807024
DNPH1,-49631.59760132573
ZNF331,-47376.546937226405
SMPDL3B,40861.97066709955
BST2,-546565.3124556103
PRPS2,300.6146291749053
C6orf132,112485.44756014539
SLC1A4,793273.7065855874
TGFB3,-435717.1836415048
LRRN2,211520.4488355486
FGD1,100613.41085618004
TMEM97,409089.4825882961
HEXIM2,65424.20043511784
LMTK3,78549.86364934528
RAI14,-562965.3575300943
NOP2,-29237.818181898583
PPP1R9B,-229947.07251237883
HELZ2,-46868.568049377885
ISYNA1,234172.71700360518
DMXL1,233477.7915180762
FMOD,-138378.80608576545
JMJD7-PLA2G4B,-907.0012357204014
BATF,-42237.49480974719
HRAS,78426.81590462942
LRRCC1,144201.55161047247
FAM91A1,278353.5437359891
EML2,392019.10462401184
HES6,55137.976960677326
JUND,-157657.00190349927
CDR2L,-44453.78840880898
RAB3A,97066.5592981619
ISG20,-246799.6898136518
PPFIA3,9393.881487275616
C5orf34,-28.424035307936748
SORD,1197106.6553499931
C3orf52,182462.86465095123
PTK7,-1105308.3416891727
SLC2A10,575295.9849378051
FAM135A,-70620.65650370414
PDIA6,-465326.2258827697
KCNJ2,-117147.58448997888
TRMT12,96178.48222443848
SLMO2,612075.1092980924
CFB,-1812373.4368238244
IRAK1,-939888.5165407975
ELMO3,219132.5131131047
THBS2,-5215469.390609221
ZNF552,967602.9421085239
CBX2,-56424.574970538044
CPQ,-231701.06599120089
SMPD2,15398.049115091038
GNE,-92175.06683894481
GCH1,-160691.61393516895
ZBTB41,484923.0756092849
SNRPF,54464.98549949928
PLGRKT,14846.045319539453
TBC1D30,106578.14037491231
CUEDC1,110525.04671508464
ANKEF1,136622.61480528483
THEM6,238180.4904291667
CIB1,257601.29117044862
AGRN,-856943.5159430536
SLC26A6,7993.625898548862
PDGFC,-210008.06742622596
SPATC1L,15018.261062238504
MC1R,-5849.89145888325
NPNT,2804525.7063497226
CX3CR1,-109174.78095455644
GOLM1,196499.85493807297
CGN,1201329.6399338923
LRP8,-69751.63106447207
KRAS,77962.61104354942
BDH1,200792.30714974354
CALU,-1552973.0343414228
C1S,-9484766.27656723
TIMP3,-3047973.5129613862
CYCS,12550.348733430028
RAB6B,-42003.368060974455
DNAJA4,1029509.1451946428
CARD14,53692.73862382255
CCND2,-488140.5203521312
TRIM46,-15157.989358968882
EXOSC3,24786.564981723397
ZMYND8,546555.237911531
LCA5L,32449.176759276128
AHR,-771936.5832043927
RFXAP,-6375.479874711043
GPR132,-117330.49571989557
VAV3,2373197.967378586
TACO1,67822.46341464705
SEMA4A,-104303.43448637404
CNNM4,412068.40854310547
TAF2,153603.1474226999
ACAP3,-6600.356167318947
COL6A3,-18088659.537895553
TRAF5,105531.91370241596
PIGO,284147.1393529145
MASTL,20209.927570352087
E2F3,-70659.12830399621
FHAD1,-37346.01505852702
FBLN7,-19257.874534313174
OAS3,-430205.5866462747
TMEM51,-168556.1517578766
RASGEF1B,-249519.121700486
ENC1,-518105.8634826493
MZT1,138712.93445462786
ACOT4,103233.6557591632
PLOD3,-270680.88067945966
GAN,-34481.16918458521
CRIP2,608677.3456359005
TNFRSF1B,-1138173.1899654733
OPTN,-1103991.2103570325
ESR1,12612005.443802949
TMTC4,172101.53931614177
TLE2,61584.610014687234
TUB,26007.619366763094
GSR,60084.15205731434
PPT1,333260.60677195666
BAIAP2,717804.869988169
APLF,-31397.7691742305
AMACR,39046.22180140146
B3GALNT1,244072.59969339223
NEGR1,-29691.565146509176
DTWD1,5756.872612011745
FAM84B,1359386.9903423968
IFI35,-134476.76249819365
SREBF1,2517020.033977819
HK1,500525.105736552
RIPK2,-229204.82989518606
EMP2,1493656.4146650198
NRM,-16553.1163463772
MAP3K10,23422.048380768734
FBF1,54066.01774031596
FARP1,222558.67332182633
SLC2A3,-660502.5114347565
ZNF521,-283899.6083792767
EPN3,395018.6014992515
TP53INP1,654531.8434161718
CLDN3,247001.26561473747
LPHN2,-54814.68500137617
ZYG11A,20983.50531289019
4-Sep,-73442.71167040101
PRLR,2850328.1758965617
NUDT5,23762.832033064835
CCDC125,275837.2136415671
CCDC19,21489.015083321818
ST6GAL2,-106157.79896896251
PTS,-3298.5856541929616
NKAIN1,1088265.5933804372
PARD6A,27697.141986276456
HSPH1,349416.9433497297
ATAD5,33411.76644147315
SCARF2,-161872.7724726118
WNT2B,-14996.303503328385
MCM7,4151.532475910983
ROMO1,95285.6946122138
SNAPC2,112598.14163477688
KRT14,-2669317.5908424156
ARSI,-75495.4834314818
MRM1,36398.40743500724
SPATA18,35451.103165206405
PMAIP1,95363.60062811164
MEX3A,96074.2050498034
DNMT3B,243.79115136817603
KDELC2,-305107.63956866134
SLC9A6,-142392.15479551733
PIGW,43608.6166966052
SFXN2,344957.16848486435
TCF19,30090.96515479957
C8orf82,51749.34029834287
MAP1A,-155826.126472552
SULF2,-471262.27930967393
EIF6,312769.1322168833
KRTCAP3,117245.66303713477
LRFN4,11649.85455535378
MSR1,-851974.3438137895
PAPLN,-289622.4556380401
GOT2,991888.2933484965
FAH,246232.86806262197
HAUS1,121817.66093213369
PDSS1,-13821.121528020309
TDRP,7449.507998155948
HIST2H4B,132853.84920884934
SRC,22087.82136097853
SMC2,61392.28012850579
PACSIN3,59987.91831546307
CTPS2,295742.6993599943
TWIST1,-38109.49285248162
NLRP3,-91990.13292987068
PRKDC,1040990.6626046527
LIME1,-79877.14775030092
MYB,1267427.608681347
SCPEP1,-1707082.8264103746
ATP8B1,1154247.5027003323
KIF21A,184709.7195405564
EFHD2,-671029.5893651593
FGD3,172533.93602788294
ZNF497,49192.948368620484
C11orf63,17025.913819327565
ARHGAP23,-260234.4860755255
SEZ6L2,869201.6628657392
NRROS,-139856.9826840334
PLAU,-1496567.6431710974
FRY,306375.91538177145
ANG,43295.73388211529
GALNT7,1154869.1661379032
ROR2,-133824.96393693384
CNTN1,-181546.73044243891
FADD,208490.88998730513
GLT8D2,-283212.7222226644
ADCY5,73351.96936377857
CCNB1IP1,-61322.27760234572
NAA10,-90956.14959100014
MTBP,20878.478423763805
CEP250,222822.8565685112
GPR137B,-68479.144464394
PARD6G,511.5201720709049
CLTCL1,-18611.01765518343
ABCC5,693622.722786116
ARL11,-18670.732731628075
HIC1,-123888.97459670306
IL18,-219719.14716880792
CDC123,-106619.88718159749
NES,-188843.47498458278
GNL3L,13749.760675266874
IFT140,406820.6145254761
SUV39H2,-12540.225837752485
SLAMF8,-801678.811157399
TFRC,-485964.75511851144
GINS4,49106.35824069284
CCDC64B,97276.84460134878
RNF213,-1202266.6311564422
ABCA3,1374627.8163645905
PLEKHO1,-757533.7487672087
STARD13,-35333.36551124995
POLB,290700.8962464352
PIDD,42367.407225387375
FAM222A,117453.55676278262
GAL3ST4,-242043.55232698264
FAM46B,-24709.767367891433
PTGDS,-948639.6718622951
PILRA,-184051.1927700651
DKC1,-31489.95100290453
YY2,4727.7681414142735
NSMF,92483.46905667143
ANKRD40,282993.26798852737
ATP2C2,148292.74874822455
TANC2,529607.7487184101
ROR1,-113067.22263803784
NLK,246926.71595015953
GMDS,-94055.10550566291
FBXL15,-3786.9524838556886
USP18,-72487.25217856701
C3orf67,58366.36300839622
GAS6,-936858.2386675926
DBF4B,42472.8918854204
LEF1,23979.688657586397
EPS8L2,130118.86873880902
FKBP11,-228901.027668113
FUT2,-40457.53679489136
TCF7,-397494.3911344289
VPS13A,63352.54567681545
PRUNE2,-27393.030793667454
ZMAT1,87770.59836745645
HHAT,214102.57946515962
NOD2,-52029.301975258655
BEND3,13462.808034286189
SRD5A3,4887.301932430554
ADAMTS12,-390231.52176654275
DNAJC22,8367.338992091229
MYO5B,240164.43194182203
SUSD3,391094.97471558506
NUDT19,17332.626569068027
TNFAIP8,-430925.3054512778
RP11-383H13.1,-80045.11170139031
CCDC40,101467.06211050262
C17orf53,21849.674651665096
RANBP17,25246.006794411634
COX6C,13462661.84903427
AP1S3,-3841.3838165120014
MYEOV2,185080.73606241943
TTLL12,858734.7510976386
SLC38A5,-158366.75409653044
SLC35B1,175802.6969941764
ZNF385A,145099.81746750398
HIST2H4A,230201.62202355696
CDC25B,-360647.59898042644
UBBP4,3371.8569427916414
TSPAN6,7319.913182127747
NFIX,-23621.85616618804
TSPAN2,-97237.99172899578
TRAPPC5,46591.995582316566
FAM117A,-17547.666299287153
KREMEN1,-148358.04007579086
CAPS,63687.70198036342
SYT17,192359.39681121803
NNMT,-1349722.1122787064
CENPP,66874.37622707545
CYBA,-884749.3034305525
IL3RA,-67783.60710736139
AC004381.6,56039.77486548192
ZP3,36661.41210509828
TTC9,160270.637842047
IRAK3,-165225.807830076
ARHGAP28,-147877.11107322227
RHOF,-151227.33093504328
BORA,-9976.449117406051
EFR3A,78938.62712520796
SH3RF3,-102576.77003346408
LCMT1,172299.90607463135
MYO1G,-267502.71968975465
UBE2V2,283901.38509987836
SPTB,-4854.538815258613
IFI6,845787.1076275401
EPSTI1,-580333.8453076386
CHST10,94382.41188525758
MTDH,438523.94390390045
CACNG4,1184467.1050187289
CYB5R1,901571.8685132104
CSF1,-931208.5812022286
MCM8,11017.069702815877
FAM63A,582255.4186310074
KIAA0895,107104.85041772062
ACTG2,-394369.7421400531
COL8A1,-1462975.455701604
STX1A,39198.07591769621
PDLIM1,-225889.14597820432
VOPP1,-769805.2381857532
MCCC1,-57106.044933837
GTPBP4,30991.08169720906
ARMCX4,13368.770154443922
RSPH1,39820.34518218355
SPAG4,6431.918306381863
MGAT3,-105008.78106880066
HLA-C,-12428633.061031416
ZNF596,5000.813923014227
INHBB,-60044.73735703804
SECTM1,-331257.7901246188
MREG,101600.3209497707
ELMO1,-355301.1177543524
MDK,270895.4813691018
DCUN1D5,-73292.51654099925
MIIP,-129048.97027536067
APOBR,-133078.0222972896
TAP1,-4464122.888220273
EPHB2,-206587.5408577187
CHML,47994.247975658924
SLC29A3,-1100.2739328516968
RFWD3,-7445.7666315909855
CACNA1D,252113.17766703287
GTF3C6,-50185.18409677926
NDC1,87323.53215476694
RARRES3,-858213.940722911
LRG1,252305.29286309626
MBOAT2,514855.71284792403
P4HA1,186148.6095876141
C1orf74,10109.69919364313
HLTF,415784.0281920616
GPSM1,15661.422547825841
KRBA2,14400.579289823227
FBXO17,-20321.235780577448
CERS4,887937.2663184789
NYNRIN,43350.891681440655
PRRG4,150209.36444519542
STAU2,475790.4779887634
PSMB8,-1182714.6046675174
SLC2A9,-38909.4596357579
MAPK11,-71198.42988421154
SETBP1,95193.5561879362
OAS1,-207329.17561192362
EXOC3L2,-19404.52170888934
SEC11C,126182.6283422106
C3orf14,184546.65324038075
BRSK1,66566.99484077127
ST3GAL4,-15121.955709828815
CTSD,-2499323.2857457018
CITED2,5644.683595634787
AGR2,9688342.054232962
ARHGAP33,46252.713711751305
CADM4,155922.15249047437
PET100,74363.96102075315
PRDM11,-7442.2658690947355
CYFIP2,194743.73330815937
NELFCD,344509.9660368396
FN3K,208240.80376364777
CD59,-2004405.6421783825
HRH1,-111509.72408301827
DNAJC1,734427.545548783
BLCAP,-43156.412920449686
PBX1,4136709.365783994
SLC4A8,145043.0505319787
CDH24,5674.4238956208255
PSMD12,303498.01984402223
TARBP1,245279.7065901396
SSH3,494875.3666773235
FBXO5,-22098.97836182204
SAMD12,178820.8592681563
TUBB3,-92929.5975874069
ABHD3,54075.787897750815
SPP1,-3828365.4424454337
SEMA6D,142441.1981397801
TMEM194A,129138.79809896981
DYX1C1,30422.357576654005
CDK5R1,31855.312012768416
MYO15B,3711.4993459092593
PSMB10,-667449.9748464839
NUDCD1,-268.55541497110653
LINGO1,277586.9968739504
DYRK3,-41217.77062000918
LGALS3BP,37992.54605894505
KIAA1244,1607079.8795280529
PSMD11,85362.34287260508
C8orf33,418092.982965815
L2HGDH,45894.81902823923
ITPR1,770933.988674808
GOLPH3L,461450.1129720168
KIAA0196,739722.727993433
TSPAN1,1054713.47609739
SLC22A15,53178.614892631405
SKAP1,66545.82280695949
ARHGAP29,-89192.52162607037
RPP25,-35478.90262860588
EGLN2,594914.2096489867
HTATIP2,-3130.498836634165
HEY2,-18659.116226153066
TMEM180,-6755.65760547425
LAPTM5,-5316536.948612576
SELE,-219355.1838676789
DNAH10OS,60914.93251397248
FOXP4,116019.46583944869
RPN2,1770810.42089779
PHLDA2,-15522.00160589656
PM20D2,-58033.49403872946
TRDMT1,-25505.201283553535
HIST1H1C,319403.3674969225
CAMSAP3,318045.1327371643
NCAPD3,137599.56957631558
ADAMTSL3,-23335.41369667162
MAP6D1,26536.652384187015
FNDC1,-1468581.4187814884
NOMO3,312607.10090794717
MSH2,111605.21171980802
AZIN1,1334864.1645215363
APOC2,-125815.14713260854
ZNF678,73645.49712917779
PITPNM1,-158365.3735513407
GGH,-9675.071149623302
GALNT10,-316387.6872461894
PUS7,52638.346851433686
VAMP5,-309090.4368842225
CNIH3,-28685.271889947744
GPCPD1,-307737.37891399965
EME1,16739.463034040946
CD86,-354876.6991074848
HOOK1,467998.20922499883
SRPX2,-173022.45348862832
CMBL,920326.605709403
HENMT1,-66194.45801052771
FGD5,-197253.70352558003
ARNT2,973263.159694726
IQCJ-SCHIP1,-55622.66002225731
QPRT,24242.293839375696
BLVRA,174514.11741606708
RFC3,36743.495952294164
DHCR7,325113.06242977036
OAS2,-979158.1592317324
GNAZ,77888.26647500622
ITGA6,-579430.7146763898
AATF,199453.99499978864
C4A,1862543.6234162971
SKA2,64166.82296385771
REEP1,244990.4254367503
PPME1,441609.0904403913
PLCG2,-466818.78556788695
GRB2,968777.2983606494
IER3,1276305.5839761437
RELB,-364742.9222676013
IFNLR1,-11365.377120232099
ASUN,19380.67155156441
BAZ1A,-74769.69812846706
RPP40,-4870.882385790733
FRMD3,-72829.69160379613
UBXN2B,285287.629995199
CEP97,121162.42188768029
RPUSD3,-29065.91241207348
ACAT2,34952.28417372925
AGAP10,-526.1134018962407
ZNF512B,111635.06807005504
ENO2,867352.337846359
LIMD2,-489849.0167352839
RAD9A,42001.95589059167
APOL3,-848780.016523084
AXIN2,33712.74825083438
SPEG,-47530.89014447648
BCCIP,89804.55529355841
ITGAX,-600200.5597953107
CLDN4,12846.47840568236
XPOT,75005.9063577222
TOX3,193550.5132771354
CDC42EP3,-274309.6550830816
HMHA1,-567569.2635569525
PKIB,845924.5182757684
EVA1B,49188.48733317294
DCHS1,-238216.4043932806
PFN2,237154.54594998542
TBL1XR1,426637.991246296
EXOC6,201985.91675454786
PRKCA,-164464.65583360588
B3GALNT2,15114.89045507998
SEMA4B,322899.7467759395
LRTOMT,140308.66018143762
RAB3IP,231570.42490658324
SLC35F2,-75239.59993967267
PAX9,-6376.807102288413
PTPN7,-367371.4835726379
FAHD2A,-40784.48254774573
ASPN,-1921199.566956727
SLX1B,17878.87611925752
CDK4,-49181.05540159087
FRMD6,-226795.74665202585
UBE2E3,-440883.59161311656
5-Sep,218335.30830519492
SFRP2,-7747221.948678819
RTEL1,48975.69347763874
TPM2,-1061662.4644206918
TMEM117,-15274.854044415551
SP110,-286496.2436254973
HES4,-21896.582370334178
NFE2L3,-416572.477692492
HAAO,-87535.44153464849
ZNF217,1196418.490172661
VPS13C,-309553.9904334652
KCNS3,145720.0769960814
MARVELD3,80993.56215542027
RBBP7,730753.4938684094
OPN3,-183688.07637941322
NCAPD2,139472.8538744783
C10orf35,32596.38155413051
DESI2,-248797.65425632137
PRRT2,68796.4215511042
SLC25A35,148155.6210966861
MYO1D,-370569.6716182718
TRAF4,260994.08772294148
MPEG1,-1263580.0121078994
PLXNC1,-819492.672590264
AMZ2,497253.4543581231
PDZRN3,-165273.72938006377
ITGA11,-894790.0830342459
GAPT,-83579.8822638176
NOL11,234567.8176547278
ZFHX4,-171150.9988300563
SIDT1,186716.91881955767
CKMT1A,86175.2220081228
LAMA1,-55072.63948588427
SAMSN1,-251336.45835311836
GALNT16,39024.74447613363
OASL,-211094.84767200772
ARL4C,-973009.8197562794
TMEM189,-39170.40994760854
LGALS9,-1363655.848058621
GINS3,1910.1932026641339
ZNF426,-759.0511254689582
SCML1,-43207.69149397313
TTLL3,-24877.391007151557
REEP6,375156.1518142853
SLC16A4,-34059.60680919465
HIST1H4H,64138.07290139585
OMD,-214552.312231323
DENND4C,196142.22958575864
CLGN,283899.0999038177
KCNE3,-61067.67927826988
IL34,-182527.08282299794
CEP72,8775.804686023259
GLI4,20223.211468074398
NOXA1,27109.741268131093
SMAD6,-25850.87053824551
ELOVL7,-26705.10372976523
COL18A1,-1932226.023232804
ATP6V1H,576006.1720777183
GPD1L,577451.5799787863
SH3RF1,350345.4863505425
SLC2A6,-132009.10402232473
FUT10,-9761.314134239608
EPPK1,-21128.768493425025
OPLAH,78224.02097299315
MMP17,15736.129682162813
FAT1,-1978855.5374011365
TRO,-34030.899415315434
C5orf56,-55277.08771639645
FAM207A,-37946.83345325225
CBS,-61103.21268080452
ZNF587B,162161.89243357608
AAK1,-21795.921674776717
MPC2,565458.0673609696
KIAA0040,689654.6024042334
ATM,-484883.0110326328
CLDN15,-51250.62014124549
SYT7,1480304.9728300315
LRRC32,-543812.8132105467
CXCR4,-1425028.5194298825
GSS,322310.08611228154
TCF7L1,-323557.9513966509
APBB1,30017.057887642644
DNLZ,-14361.723550724006
KIAA1377,51904.148084513756
HIPK2,425832.599361133
PDE6B,47946.81912650981
P2RY6,-95026.73700751588
BMP1,-462688.66857258294
TBC1D9,8703866.355751796
NR1D1,83440.48232143425
IRAK1BP1,32658.624256623276
GPC4,39764.44484264686
MCCC2,2094058.6463035345
PARP14,-1674469.7510024495
CCDC28B,-29979.495335490017
GJB2,-533727.2728716389
HSPD1,1453159.3793626423
C17orf75,98613.45167405045
XYLT2,97829.52417782323
ABAT,672427.1709453994
MAGOH,-73401.0755093112
HOPX,-110698.66433291126
SPNS2,-242463.43908464332
ADAT2,-25121.015826771523
DNAJC12,953004.0726402362
SLC25A37,-295955.25872067024
SLC35A3,370016.7228853995
FAM122B,310704.5828227358
UGCG,1908032.6706299298
ITGAL,-822646.3427020154
SC5D,-98338.14988484062
TCEAL3,547650.6341042131
LPAR5,-98010.61027763902
WNT2,-216908.2417488266
PAM,-724349.4662625788
PTP4A3,-91472.05622989652
CTBP2,246478.92937935705
VIL1,35768.39545036925
FGFR1OP,98066.54875759425
DHX58,7789.437698007972
ADORA3,-98036.83412669097
ZNF8,9925.881071444535
SPRN,5296.66731409507
ZNF175,-22254.03174950992
MRPL27,78957.69972853475
PLEKHG1,-315240.4326302444
DLL1,-34292.06581506537
RHBDL2,-38443.106900425984
HERC3,-110046.12241732277
TSPAN15,21629.883615991523
MICAL1,-339542.5882950205
C5orf30,359255.4933522224
LDHB,-733895.7589938564
ST3GAL1,1105943.6642283103
KAZALD1,78389.00055321955
IRF1,-1546083.5453794172
ZNF581,7672.651241090755
USP14,705906.696509701
CBX1,489007.8793351047
PSMG1,-17783.753903865087
SLC15A3,-692477.3619634174
RCN3,-556419.5156189098
KIAA1211L,109733.79885807984
DDX11,57257.25788361274
LILRB1,-220401.9466246461
MRPL30,49597.57357091725
DCXR,479058.8128490025
HDAC2,174021.24771648724
OSBP2,64485.66789414889
ST3GAL6,-76506.26410893853
MIPEP,67657.08242952974
IRS1,481341.23569099966
LRBA,2309727.632637681
AIF1L,-224257.27409531156
RGS4,-126352.69364835999
C19orf60,-77163.85567735748
ZNF778,6391.683466211366
C4B,1601379.9955576528
PODNL1,-146703.65888775617
PCDH1,597772.4083983041
NUCB2,1892015.8202369134
SOGA2,189735.202710215
DNAJC19,250769.00050172082
FANK1,34619.801151703556
TMEM47,-1965.58542813537
ISG15,105512.37307478198
DNASE1,111637.30097842753
ATP7B,75871.67475417825
ABCD3,1154650.9063051261
KIAA1429,710650.6306082868
LAD1,-472113.93327702297
POLR1E,-99509.85942934155
STK39,356039.7754887374
CDKN2B,-220370.58838457701
PIGZ,2458.339993847024
EHF,-430364.1631576666
UCKL1,89673.1236305892
LMX1B,875632.9050604923
WWTR1,-956250.1209313634
RAI2,5488.87537699773
EIF4EBP1,93158.27510281427
B4GALT1,-357767.14235253393
FGD6,38972.87925667306
SLC6A9,7629.924014808032
ADORA2A,-19911.52140908344
SNRPB2,55400.99198442461
GUCY1A3,-474885.5452729786
GDF11,933.5017332185739
LAIR1,-675103.4673258441
DFNB31,26625.923048745924
CBWD5,110463.9808253917
TMEM229B,97537.52128455648
DCAF10,967124.0405821559
C7orf10,-39248.646885850496
CHSY3,-63476.408830169385
KCTD3,1799989.2754793966
PLCD3,-22403.05078298304
FAM110B,243386.0876867271
FAM208B,494965.0016770503
ZFHX2,31348.638783292325
IFT122,230176.91417109434
UBXN11,5650.9785236541065
P2RY2,11809.145049970517
ABHD16B,12612.67501590949
C21orf67,-7216.619173414726
ADAM22,222.50003614496995
BNIPL,272604.1085448734
MRPS30,2559870.5479626716
TOM1L1,619210.6647657753
GPC1,-5199.280028737494
RNF114,-119699.09866317872
PTDSS1,-81502.77169152608
JUNB,-1616246.4524334678
ZNF706,199508.36638007956
DSEL,34875.59387558426
HOXC8,-34838.15376501494
NEK8,34430.547323883584
LDLRAD3,709696.0473065475
POLI,226059.85639720052
TRIM37,306143.0211308574
WIPF3,-24591.583506954572
NT5M,37743.77643395689
PLEKHG6,-3400.716115145829
BCAS1,734725.8413452035
UTP18,51084.756565395175
PDE9A,-67458.5822736442
NRARP,-6842.458398682911
NFS1,179461.93285896193
IFITM1,-808726.8187858451
RNASET2,-331338.46328346233
SUSD4,376434.25155108806
HSP90AA1,9007101.29620164
RASEF,1016431.8681317518
KDELC1,-74351.6348681977
ALDH3A2,559333.9628992506
EFNB2,-190656.96327631388
PDCD5,-114731.0479117854
PCK2,213197.65309841215
OBSCN,-65578.2859489606
SPOPL,520338.8438132147
SUPT4H1,291700.8121979329
UBE2Z,-19618.57363806763
RASSF6,56890.205620249246
PLEKHH3,155757.20942059197
TFDP1,-6317.323595547303
LNX2,144218.75906906815
EDEM3,586891.3684281898
GPX8,-400827.5619063829
TRIM66,67926.94870299821
AP2B1,3623183.174213494
TNK1,157089.8831699872
PHLPP1,157698.00768072397
TRIM45,124586.07944782001
TGIF2-C20orf24,17156.583542196415
DDX58,-173812.45773031694
SNX20,-346934.2679719093
NET1,974778.2957431152
ELF3,190003.30483591152
SPI1,-566662.081440247
SIK3,115832.57017438352
ATP2A3,390363.4144173245
FAS,-283515.42832912446
NAPRT1,43156.07407254581
MB21D1,-74040.75765297144
HLA-A,-18659659.69825435
DNHD1,-31750.322946811044
SLC38A1,3652034.9174827784
SCAMP5,195097.45799534145
ZDHHC23,24567.911111465044
PREX1,2756921.1064126696
CXCL9,-5456532.929003718
AC120194.1,-80652.34431609377
LRRC6,92731.01511534829
MRPS28,142345.15821298058
RAP1GDS1,486415.54056160897
RAC2,-934967.3837912384
XYLB,17643.201297437645
KCTD6,248111.4260558098
NFIA,6862.915188872508
PLS1,120519.14966509782
CCHCR1,8766.776105292209
MFSD7,46191.27436370561
MRPL21,169821.55198415974
VCPIP1,115075.56376389551
SLC39A6,27409746.963069085
SLC7A5,-696055.3968154318
MGAT4A,796517.2895798407
XPR1,-38391.285967919845
BMI1,760281.0070656781
FPR3,-878485.2138372012
C1QTNF5,-318264.8713606058
APLNR,-366826.9454746165
SLFN11,-598554.0886895048
NAT1,1519454.7771679712
NBPF14,-62791.95134310235
ADAMTS2,-1392685.8624316377
CGREF1,23968.07986491567
C3orf58,-153214.62789610948
C15orf38-AP3S2,47964.94421882904
C17orf51,-83215.57733373775
SPRED1,-438633.2033424609
LILRB4,-797516.2219943982
PLCB1,8982.551624604936
ZNF165,31535.27116029065
C6orf211,2928258.9046286326
CDYL2,486011.43414428574
RCE1,51130.993152848925
SESTD1,459283.57867686474
CORO1A,-1656562.784486397
BLMH,90889.52995925746
APOL2,-616542.4098659417
CA5B,-63310.88707918662
MT1E,-57691.827553924806
CD72,-140937.46424847643
ZG16B,555672.9859249223
ANP32E,-320766.0298934546
TNN,-164691.78741580472
WNT9A,56863.80680624482
PPM1H,486770.6970420471
HPCAL1,-69902.34297620822
OCEL1,126349.3402844947
ZNF43,240816.4088799105
RAB15,160398.9293494123
C17orf97,49457.463188915455
HIBADH,133844.7701818934
CMPK2,-214923.8660292232
CPE,869389.7957048576
TMEM68,243738.12952678287
BMPR1B,6208790.795250703
NUDT18,-4599.927697065765
FRK,174244.1237559928
MTMR4,342005.3392489553
CTTN,1936049.789032973
ST6GALNAC4,-32995.03517609825
ARRB1,357102.2061089861
PARD6B,1066620.4361470286
GADD45G,-10526.202645400093
ZNF587,933343.7215608674
FUT4,-123925.09908958379
ANKRD13B,55712.1774749748
FMO1,-171351.43206310173
ATP8A1,-98350.16442964427
LY86,-144262.86500704393
VEGFA,292411.42302186944
PRKD3,-468556.79124275706
FAIM3,-263456.87581281085
LRP11,192864.54304114074
SLC7A7,-496247.0077675189
RARA,984556.5012779929
ADAMTS4,-350837.73825913126
SLC17A9,31965.209066887466
MROH6,-15787.710813136631
MMP3,-289680.6441227922
GNAS,3483575.622682687
C5,40578.709576878646
FLNB,8091205.221044869
TOMM7,-123709.06522989777
CXCL11,-585201.6626619757
LGALS8,724565.610330573
DYNLRB1,619891.903260849
CPNE3,1354024.9670242202
SLC19A2,884340.7841686208
RET,1619426.1605663316
NID2,-601836.4111756426
FAM71E1,9293.056642301106
NPDC1,424362.5378426113
RCCD1,21828.154150931354
AKAP5,29510.12502044331
ARHGAP32,948497.9031243065
RAMP1,332723.50950828317
HDGFRP3,445413.72012718674
RAD51C,101867.92946564016
CASP1,-451346.0989924392
PODXL,-56099.931404152114
KCNJ8,-13507.23139702774
UCP2,-875820.0316523786
CAMK2D,-374024.38800936245
ARSG,418456.89866098174
ATP6V1C1,570024.9161734609
IFIH1,-730406.218319772
BDKRB2,-19006.691900594604
FKBP5,-1154266.3042179074
MX1,-305423.14830729703
TOP1MT,-39631.539420230416
CCDC122,1179.1132893542056
MEF2A,-193025.0042641194
AKT3,-501823.05298370984
RSAD2,-584829.8024398865
TMEM25,510282.7605963794
ATP10D,-176941.06603613906
PROSER2,24433.530815676517
MGP,10937585.125553805
CKMT1B,78715.00380267017
C15orf48,84039.35897513121
EIF3H,2363243.437161952
ASNS,-34966.05412706093
SARDH,8418.272743366984
C19orf54,26547.57647248059
ENPEP,-50587.20713534913
BAI2,481864.8886290937
CBWD3,10342.144776602923
CCDC138,3161.893609165468
CCSAP,-2242.1340898929134
DACT1,-223798.5294973941
FAM26E,-146424.60128381307
C6orf226,4036.3007874967097
TRPC6,-18884.105308684157
UBALD2,-97164.16643059254
SCNN1A,954946.1980170021
APOBEC3B,-231610.45688195367
KLHL15,-4053.898824518332
LOXL2,-602594.0998518604
SLC29A2,34917.992540390034
SELM,-243666.97575518882
TENM3,-90298.68842162576
CD163L1,-56214.83281551774
CERKL,-109132.8723322224
MYBL1,65140.45937667628
GBP2,-2623448.000798888
BHLHE40,3104822.034629498
LY6E,-2083868.0207996615
TMEM62,137749.0241264637
DZIP1,-147219.1156688094
HSD11B2,75914.82069105384
PLLP,-4629.587754727889
SP4,-2686.6760561862898
H2AFJ,1681594.925341877
QSOX1,1423664.2558444487
CD2AP,244748.9226619917
EMILIN1,-1266307.308969663
CMAS,134213.85506687805
GABPB1,59683.36571728352
MIPOL1,130534.30576260481
PAK6,86778.32653802368
TP53I13,11959.38675992699
PTPRO,-92104.67188250857
CGNL1,202629.24121923407
TUBB2A,-61954.857342953605
KIAA1549,177238.5957157399
ITGBL1,-643115.5445332201
SIX5,-33268.15707482466
ZNF860,29420.813778745887
TDRD5,62488.36221026438
MACROD1,84667.21598787884
RASGRP1,-11978.149253850448
FERMT3,-673574.4857818116
IQSEC2,213056.2667696829
CENPW,-52352.79177193601
ZNF865,-72336.68068348752
SERTAD4,180660.5197536483
TRIQK,265211.3118118796
HCAR1,396460.74586162734
RDX,-352554.04277217004
RAP1GAP,220454.22022186554
EFHD1,1991988.4523608042
C16orf74,43366.83968432516
PHTF1,8221.54986351117
HSPA13,3383.8058443307455
RTEL1-TNFRSF6B,-9511.772212256026
WFS1,665317.6001433795
EPHA4,-137927.22089119806
C12orf49,19073.926039357266
SPCS2,526273.5513744935
SATB1,-116564.0196877318
TOR4A,-103194.59780733171
CEBPD,-206889.73465240665
RNF122,-81196.45157897659
C1orf51,48143.12314111508
PHF20L1,291477.48439932795
CYP51A1,508349.37001391116
TIAM1,-19208.955883676077
HMBOX1,5131.878697498087
GREM1,-686993.0172168597
PSME4,-431267.1979388141
UGDH,821197.8780769563
DNALI1,541397.1102770799
RUNDC1,476487.68767428905
SMIM14,1818158.2134162588
TM7SF3,58555.863060290016
HLA-B,-28781922.26687061
LSM1,391289.5935530577
PDK3,-37350.243757509845
NPM3,-58707.5639105846
MAPK8IP3,30203.014641240927
BMP8B,-4365.817671560008
COMMD3-BMI1,59009.801594012504
TNFRSF11A,-76799.18160903879
LMO7,-215283.55830571757
VDAC3,659602.9199522383
NME2,17276.664290570137
COQ10A,32154.21982151732
LFNG,362674.7523066412
CHCHD10,-96694.36073775045
FAM177A1,337638.90212247445
ITGB2,-3026492.0037536155
ATAD3B,-83573.44150447767
ZNF763,9390.475766087886
MST4,58664.1423521337
COL6A1,-10433533.064827275
LNPEP,63745.05281572568
NADSYN1,127225.41318127669
SYDE1,-124594.74561704109
ZNF711,-4557.590239356474
PSMB9,-959325.5980249519
RASSF3,-49490.816201447415
SLFN5,-1363105.9776608923
ZNF107,188485.78827136915
SLC6A6,-450076.1178378971
PHB,241266.39603313722
PSMB3,-106814.13428100683
APOC1,-1469409.4534432865
SLC25A33,-939.1770121204813
IDUA,17831.045546519556
NCS1,-155544.79140595265
SLC22A5,383066.19184949
CD6,-378355.9175910091
TMEM99,157594.7156387552
KMO,-107807.10091492772
SH2D4A,13984.296096523769
ITGB7,-293459.343151006
MAPT,1980549.017691982
ACTR5,11695.126999114937
C20orf96,52907.61223456902
SPATA2,128706.47051572287
C19orf47,-22002.09180975869
NME1-NME2,-692130.1264700358
GMFG,-351361.52006329363
MIA3,219273.4483785157
LGMN,-1929626.1986598978
NGEF,-11643.649037026089
PANK1,18371.716463121305
HPSE,-95448.40759718316
NFYA,124730.530790233
GPR65,-135368.9103474308
FGFR3,721893.4587200641
MBOAT1,471124.0786448719
MLLT11,32268.161647427492
MDN1,-66550.04215451985
FBN1,-4989070.682727981
TP53BP2,-335078.38309846126
C7orf63,32901.063687956215
HSD11B1L,-10674.666286440211
GXYLT2,-278458.9048045671
FAM222B,125852.70819303289
SUZ12,256670.75286949653
PABPC1,-1770401.4225999136
CISD3,198833.69116505937
ITGA8,-44666.21830566587
PPFIBP1,-258792.03644793632
GPATCH2,306924.07030875754
PHF7,24360.355307130667
L3MBTL1,12942.490684890789
LYNX1,-59425.570146184284
CELSR2,2545411.019026377
NCEH1,-189752.8395219276
KIAA0513,-134388.2831616154
GREB1L,109205.26694591634
SQSTM1,949131.9698013907
DBNDD2,660677.2204737948
FLNC,-177105.67795878855
LRRC23,55434.675550933665
TSHZ3,-173177.370129829
TREM2,-269248.524605782
DSP,6321688.966637983
NFATC4,315003.1073024091
PIM2,-645700.2038403426
HAVCR2,-438324.6090786522
FAM101B,-181246.70154787772
GPD2,580749.9716748595
MAP3K9,82920.06170463342
FAM174A,172446.33971134142
CCND1,12651411.324659958
GPR39,13011.233959694095
GPT2,5206.052699105485
GFRA1,6997166.673068824
SGCD,-196467.16684576697
KIF3C,42024.110972546536
GOLT1B,-41050.23311576945
CD5,-312342.6248374884
RINL,-19338.957674101217
GNA13,-14716.25508291079
DGKD,188863.61845951728
HACE1,20259.363423916802
PLEKHA8,-30148.484557289026
PPIF,-4471.35524263363
DLG5,951872.7176099995
PVRL1,-312139.8984176705
MAP4K1,-258221.4709053686
RPL8,846131.5883014193
PGM3,83518.28195065336
KLHL35,76204.62945385028
ZNF738,-1161.6297610641107
TLK2,165331.59564149805
CHRD,189366.4242296013
HLA-DQB1,-3043112.867729401
WNK2,42799.462022174186
C1orf106,-254842.67953882288
TGFA,-54424.74490886111
SLC16A2,84900.39737083604
DISC1,-94310.69393872163
LSM5,81026.99559302798
C11orf80,79365.28710160678
ZNF703,4664518.883437651
PLEKHA6,529419.3936623089
CCDC103,57457.13948556027
LENG8,-319647.00613249274
CCR5,-505117.44179148105
NFAM1,-311508.3979286852
UHRF1BP1,153229.86361784782
FIGNL1,25506.869848663802
ME2,-159270.43745596765
CCS,46806.92366589166
FTSJ3,19284.246052561386
IGFBP3,-1625656.7979704912
CLTC,2950896.31432861
PIM3,-27305.318570780117
ABHD2,2863052.1688550124
ZNF124,-13386.908430151645
VMP1,-465370.1532981779
UTP23,177044.13733867096
PLOD1,-932046.8790071652
ERO1L,-295649.5188211442
NASP,-240079.33400228102
8-Mar,119075.50999538077
TNFRSF21,-442125.3924720305
PSMC5,253907.12079438235
NMI,-355521.5160829886
FLVCR2,-121360.32405766915
STOX1,59532.78125051055
PTPRJ,-113980.85445644992
AGO2,-25417.852922431444
LPXN,-466683.4738906569
ZNF681,69950.65774449529
NAA38,5846.1547545014
LACTB,-109008.1112738125
CCT2,1463278.148998805
TBKBP1,-41284.16096615468
PUS7L,33415.691945833176
PGM2L1,-98096.57149500254
DERL3,-366076.0091918007
CRAT,-255880.53493894276
LUM,-12431937.703653617
ZNF714,23279.872275840065
KDM1B,1499.1421445404462
PLA2G4A,-113771.07457585596
TFAP2C,-18758.860709411027
RND1,-44263.95568182745
FAM86B1,11386.20220034281
TMEM198,41515.18669322992
OPRL1,30995.857372542603
GPSM3,-492135.7176296594
DIRAS1,52852.43685811285
IFFO1,-177450.06050570682
USP43,267.2573272045733
BIVM,-66908.09719233032
RAB22A,174616.01443211286
IL17D,7871.662122026405
GIT1,119520.83284493683
CCDC180,-4671.665292722384
BAMBI,-92953.55653271104
MAGI3,302613.1062201198
CACNA2D2,495409.0285972119
CHMP4C,146517.0105750938
EPHX1,479479.75464863837
HLA-DQA1,-4018796.983792218
SLC18B1,-148249.85603118167
WAS,-288865.45205073094
SMYD2,-121498.37457906635
UQCRH,-233464.69500187712
SLC27A5,22308.175247893636
ABCA7,-59194.554425622504
CDK2AP1,-247400.8120379516
PTRH2,20388.403684010224
KCNE4,1207169.4277268206
ZNF606,132615.4751323392
CDKN2A,-183955.2313433515
LRP6,95464.99022626216
B9D1,47343.56060133163
PPAPDC1B,974387.9633188834
IFI27,731830.231274002
SORCS2,-146111.48444260535
SOD2,-6064768.253398627
FCGR2A,-849733.2144703453
COL8A2,-947108.6713204858
CENPQ,24370.36487091569
BLVRB,220915.2452940372
S100P,114236.86376231382
ZCWPW1,6422.055192945265
CDC6,36605.767821919624
TRAM1L1,55992.302423897476
AKR7A3,842994.4565629819
SPOCK1,-402672.61725261784
TGIF2,55245.09425670128
NFASC,96622.29452457084
PDE5A,320269.52968075563
SERPINA3,5065424.177611124
ACSS1,203480.78252691217
SNF8,-37213.437573219046
AGPAT4,-103111.85214162675
PTPLAD2,24418.95161492384
EMID1,91291.6404103189
PTPLB,46870.91668549223
JAK2,-303780.25925698224
METTL12,5654.458757276326
SPA17,63478.13242950019
LOXL3,-37795.965780360566
GBP3,-375879.31423521525
C9orf3,-109062.26678230983
APOD,-943758.0144455282
DAPP1,-257500.39205465422
C7orf13,-3316.5548254611563
UCK2,-53429.907613663054
GDPD1,58580.67633988339
TFEC,-301254.6367274581
NT5DC2,-214877.80847220082
CMSS1,-7629.738116924431
PTBP2,6170.859975881071
KCNAB2,-438109.06990304147
CDH6,-25018.231516050277
SEC61G,-82130.21869362913
ATP5G1,-6411.330330711033
CD74,-58873449.074771926
FBXO27,1446.0269774755009
RCSD1,-447626.86893208825
REPS2,1245855.256381531
HLA-DQA2,-678314.5440613305
RNF139,342809.437961341
ABCD1,-151177.40004497662
SELPLG,-709510.8263051735
HILPDA,45509.24632614567
GDF15,193432.30939795112
CST7,-215626.32510363357
PCSK6,558252.7177940317
C4orf21,17314.59796939954
NHLRC1,14326.224186942627
CARD11,-248431.15349054316
GLIS3,-118239.93649318237
FAM198A,61917.75887089739
FLNA,-11114948.927721137
ERP27,37958.34980334309
TRAF3IP3,-359724.43900286866
APOL1,-1848636.4824274597
VWA2,104693.40804115515
IL32,-2097337.505444302
CDH1,5264773.925514245
RAP2C,82235.82018070927
RHOH,127036.97080916203
HOXC9,19451.53302488651
3-Sep,121555.44524921819
ANO8,29653.42979236196
FUCA2,-6702.73075209465
BCAM,3033940.6498300754
TBC1D3F,12752.547805469301
KCNN3,-57844.21997183364
NABP1,-314762.3454789781
ILVBL,106360.41882284486
PCDHGA12,-66238.1537107541
MMP13,-394728.72615014866
CACNA1H,876112.3817002685
CABYR,88694.42599541164
HLA-DRB1,-8340016.421279867
TMEM65,-83997.92024884294
HLA-F,-1772226.388297226
HOXB2,147731.98157702255
SYTL1,41988.827771484146
TEX30,-11155.488103597425
HS3ST1,-59242.03647360153
SLC16A13,-11249.231237350692
KIF3A,204934.0733577405
PLCD1,-50878.39734232051
HUNK,4903.02405734292
WWC2,-36290.05349706537
SLC16A6,978377.9372872803
CXCL10,-2204409.4317622613
ZNF91,380568.2273143507
DCBLD1,-109347.14134279163
ANKRD42,91038.8477203419
SCARA3,-532271.7205430057
ANKS1B,111643.79763027905
GKAP1,46323.24484175698
TLE1,-173036.4410140842
KCND1,-32474.47575383605
RASAL3,-294685.12974196987
TBCC,-14072.05424466424
AFAP1L2,71865.00661195375
FOXO3,-17347.088974544764
SYK,-553100.4150931766
COTL1,-2472390.226912858
EPHX2,119363.74117942044
MED20,24111.9332522665
RAVER2,84452.32531770234
BRWD3,55540.89628587985
CDON,273268.89492786326
ATF7IP2,-14545.42917040198
CEMP1,6093.309745260813
TMC5,-75939.23004583296
GAMT,291695.79547936644
WWP1,3311624.069407196
FJX1,7800.21333001122
GREB1,1443169.251601711
SPATA20,397910.8374409791
SIX1,349846.48692944855
UNC13D,-408898.7463382352
ST6GALNAC2,526493.642861872
LARGE,99627.95920543013
SLC7A1,39137.39391231932
ATP6V1G2-DDX39B,160533.5934920482
DDX60,-39857.84598979503
EGLN3,-214966.78096496948
DUSP5,414727.2584138133
PARVG,-384596.25668192276
TSPO,-554776.1910623042
B3GNTL1,-4722.2309519556065
ZNF92,545195.1782974164
GALNT18,-104086.25255066491
EVI2A,-358016.147440407
ARHGAP22,-74437.23543585063
PAG1,-293739.13151341677
AMIGO2,521707.8738021594
PAQR5,131525.5055351016
KIAA1161,4965.413143654735
SH3D21,52247.34955826646
TSPAN33,-246472.0983756045
LDLRAD4,493491.62281692325
SLC6A8,135483.37944889508
SYNC,92158.23071780887
ADCY9,280241.80003395595
LYPD6B,226894.1733607597
TTC18,39439.60061100127
SLC30A1,169074.74100039797
PFKP,-516096.0728090354
CAND1,1037822.6387352316
GLI2,-68570.56226081592
ADA,-122349.16917515938
FANCL,63440.54552326072
TFF3,3913151.407098723
PLA2G4B,-20839.90236380206
SH3BGRL,930208.4980192359
TSHZ1,150137.4622726258
UBE2E2,-178314.49232760083
SYCP2,389729.9025997817
VAV1,-303895.191411138
LURAP1L,329637.2721964618
MYO1F,-549896.8367226198
SS18L1,167117.46744418825
PPP1R3E,29149.906637339092
PTP4A2,2585475.5440938235
EEF1A2,2064042.101436007
ZC2HC1A,20863.48493330562
HLA-DRA,-24825558.547556028
NCF1,-227829.94181712597
F2RL3,-17002.369865540466
CYP7B1,-107937.94608640228
PSMD3,-439441.8901574789
TTLL7,26253.469714472678
ZDHHC14,-58639.39247940713
ID3,-348113.4086621186
SHF,-18325.75336985411
NID1,-1217608.2893231574
LASP1,2023493.95939409
PDCD1LG2,-147491.29009258188
CSF3R,-64725.43813826126
GBP5,-1586325.5206711194
CCP110,240830.1650753008
MLF1,40526.76559049186
SMIM13,5421.797548533112
USP51,9723.536606982045
RP11-500M8.7,3086.0121069875368
EIF5A2,-59250.78546451484
PRR15L,137898.28435072018
RGPD5,-15151.912681373515
TAP2,-1525362.4073336606
TRIM22,-1308148.969489406
APOL4,-248319.51414224372
CCDC77,10653.208067954029
TCEA2,89208.83008899516
CCDC47,539615.6822427323
DOCK8,-943332.7107197207
CD2,-681752.3406493341
CLEC7A,-324539.7076543413
SLA,-572785.9326270652
CPNE1,159269.56439869106
SPATA6,80201.79185193942
ZNF493,63827.09158917794
LCP2,-756932.6259291882
POLH,-41971.66918164299
TCEAL4,1661509.5392897842
CUL7,147637.63458621423
CPPED1,-148300.29562070782
RAB11FIP1,4415474.557454215
IFI44,-405781.59019365394
CARS2,-20350.185931327895
RORC,160647.62378341026
TXNRD1,126978.8451867782
IFIT3,-761748.0687003245
DUSP2,-168058.44414604068
HMGCS1,-38111.08677409639
FAM26F,-236818.9626715241
SLC35E4,-13072.045644458898
LRRK2,-157198.39231284172
TOMM6,106782.25448020746
ARHGDIB,-1536880.5057847013
NPEPL1,103053.41512800213
MTHFD1L,-199511.96938265802
C5orf55,16349.51829495346
MORN1,31270.441499111643
6-Sep,-648030.1543831876
CDK8,-51799.58018082017
FAM57A,-31305.798480016787
ICOSLG,-119683.93752058265
ANO1,1384194.3190380482
PLEK2,-20530.22247444518
HLA-DPB1,-5608941.958433901
FADS2,-135939.11285590226
ITGA10,-12509.258328434902
CSPP1,94931.13108725338
CCT6A,52176.93477958649
DYRK2,-250649.95084530464
OTUD6B,66213.97462354245
AMOT,-40754.853992173965
CHD7,30398.562035679795
LRRFIP2,104218.15881367512
FSD1L,72583.9611189646
SLC9A3R2,152722.4615030557
CLNS1A,696994.0109005637
AGPAT5,-10454.688691529374
C4orf32,245671.57765411102
ATP11C,-241951.5001180295
TRIM47,-453714.47867934
ZNF814,184874.93880071514
FLJ00104,-30293.005796604204
IFIT1,441914.87763276516
FURIN,391828.1171811454
MTSS1,480053.741268153
CHORDC1,-25038.63223549416
ACER2,41145.99361784634
TMEM91,-7395.518201487686
PPP2R3B,11546.305008515707
SMTN,-217600.9973717596
ANGPT2,-59514.04842250961
SASH3,-623192.0017268243
MYH14,210488.23608868048
GPR56,-91229.9610873653
ZNF121,34045.008973995486
NRBP2,29636.827411115417
GAREM,-49496.44579509669
FAM171A1,-290169.4064436102
SERPINE1,-908596.9402728357
SAMD9,-352132.57022975944
AR,1198369.791439753
PTPRCAP,-413557.6060714517
ENPP1,777925.8413823141
RAB6A,290846.7279590538
RGS16,-413209.2916579408
MAPRE2,-349699.8898799085
GPR157,-11140.538321013093
SEMA4C,191433.83841740838
ZNF292,79152.70741096955
SLC25A29,157106.24183986528
ITPRIPL2,-136041.0058528104
FCHO1,-94244.28364363454
LAT,-220182.27137017256
LAPTM4B,2743219.859174379
FMO4,-41854.50497567421
SP6,-111594.35464126503
ELP2,3581376.987818199
PANK3,1683758.8636757378
LYPD3,204109.49900566187
TTI2,51791.222358664694
SLC7A2,3427526.627888295
CCDC18,-19226.75004814858
ZNF382,4302.30453423234
G2E3,79952.71756467561
ZBTB18,-85818.66975999581
RRM2B,356726.763204974
CAMK4,-116378.70781438792
UPF3B,-37125.13270010761
MYO10,-319128.13813133363
SGIP1,-68749.40865308278
CPLX1,91236.99296283902
RAB34,57990.406467071254
SKP2,-58698.06537170081
CMYA5,187633.47550225336
BAIAP3,252895.50884731652
FZD1,-346404.2878672216
CD37,-707286.8199197055
CAMK2N1,549822.7849215936
SDCBP,-1858333.0950375504
LGALS1,-2404139.1680441326
CLTB,-263079.8243732573
GABBR1,-7010.213853644406
ANKRD36,605.3342334300316
SPHK1,-301434.7296731495
TTI1,156424.87177798964
TMEM86A,-200364.18040153148
USP1,42618.00991312642
TYROBP,-1034046.3226127108
SIGLEC10,-253440.84539986725
SPECC1,-157752.0626165407
ECM1,1443322.3217626908
DNM1,-59248.166232262796
AHSA2,90054.0725112956
TSGA10,16577.51596204219
APOE,-5420603.0049058115
AMPD3,-132640.81509026617
CPVL,-528095.2075195231
PSPH,463.93080222610433
WBP11,1210027.5000045334
AKAP1,357448.4608151837
NUDT17,18592.932771583688
GFPT1,1125506.5388741929
SULT2B1,126080.54012157244
ZNF704,157878.7755874534
HHIPL1,-79815.80331738527
CASK,149866.7764157865
FCER1G,-804234.3481887054
ORAOV1,157664.08379043572
SYTL2,1183041.2504596012
NINJ2,-94719.00574272522
ZBTB2,63428.28443529918
SMARCD2,389646.49765127077
FBXL8,-5814.4689032540955
AP3M2,395743.2583563567
PCGF2,166496.761763137
MPP3,40100.3850912535
GTF2H2,39850.267644756044
CYP2S1,-29335.10587748068
ZNF100,60099.797947523264
NEBL,1308911.303925542
PSD3,435393.5716370797
CD53,-1375029.1914839973
EGFL8,1368.5082323596491
PCBD1,198720.3968394322
SKIL,611435.6869103165
ZNFX1,-410407.24556391645
ZNF440,31478.974824370296
LCK,-403846.4607414662
HTRA3,-1334581.4969544888
IKBKB,704793.2791032051
MRPL11,-57026.08635123952
RGS1,-1118359.381288323
NLRC5,-990183.5582631422
SEMA6C,-11460.352785119541
SLC20A2,279779.03235401714
ENPP5,785198.3812947762
INADL,588950.1847071532
IL2RG,-1323592.8999506964
ADPRHL1,41338.8256803965
TMTC3,130058.20807402958
CCDC85B,-65833.05569293379
BAG1,819399.7845024783
SMG8,141088.70682581488
OSBPL6,65835.00517566236
IRX3,417848.3384536986
ZNF101,-96608.83255209467
MVD,-127760.07207390034
GPRC5C,304755.89925390214
LRRC37A3,76495.05168933596
ASS1,-1095420.7825200856
TTC39C,231750.71809840685
PHF12,219536.13030409036
MNDA,-334779.00330954767
IFITM3,-3066665.873434241
GAB1,196432.7784414553
PRSS23,2212859.7109384164
C9orf152,180833.2252077411
MYCL,-141342.99663154234
LCP1,-4418905.683375948
PHYHD1,115388.26764396824
HCK,-513500.96630785323
JAG1,-466617.80913098104
APBA2,-62689.957305914395
ADSSL1,36500.412151382625
ZNF607,57034.449314623394
MTRNR2L12,-1808.519579227172
TMX4,-145542.79315590157
DHFR,278409.5184704589
MLXIP,-387946.87404429266
ZNF577,7047.902767154809
CCDC71L,-342190.54909001285
HSPA1A,3129713.6169668185
SCUBE3,154954.50963206313
ZNF780B,25519.134286222936
DMXL2,-81803.33529507482
CCDC74A,445077.79248939885
KLF5,-214203.71608133463
MSMO1,199794.04858374104
YEATS4,204288.07653004548
MRPS17,16198.132199345231
IGSF6,-206911.45373088116
C2CD3,219318.3503080651
LYST,-190104.00546633915
IRAK2,-75691.58366684614
TNFAIP6,-111993.50434405977
B3GNT8,11048.679764788398
TMPRSS3,-233723.50705462386
CCDC117,1069391.5232688913
RAB36,42688.35575318394
DPYSL3,-2601341.977142999
ALCAM,1147224.839725041
NR4A2,131568.33668268757
ARHGEF18,3719.5477921654406
PNPO,235140.2582176084
LST1,-201069.43198957675
HEY1,-13396.444276777724
NUPR1,-178092.36528094707
ZNF853,33931.807017381274
NPEPPS,1169949.3162644007
IQCG,-52092.34231967578
ANKRD50,518445.6170388427
KLHL6,-310058.94861610455
AC008964.1,-323289.93401086575
MOXD1,-301828.58252725564
SPTSSA,64289.9005972722
ENO1,-6215900.90132284
MX2,-532322.1895725072
PHLDA1,-173028.73518772962
ATP13A3,122241.70208555683
DACH1,724999.3470009234
FGFRL1,-17744.385771571342
HCN3,65946.76810200693
ERBB2,-7221138.559979094
SNAPC3,163052.75965787997
RMND1,902101.9815530373
AFF3,3671955.9955794364
MIEN1,-376738.42119590385
PPFIA1,922328.6330887238
YBX2,63310.83819989506
SMOX,-52871.704686532656
NUFIP2,409902.2360803581
C5orf63,42361.958844088535
AGAP2,-123420.15023991198
ETNK1,317059.52255614207
GRIP1,4996.1746493946475
ATXN7L2,-8358.455179663653
AGPAT6,1487227.273972488
BRCC3,101107.79094444991
RTN4RL1,248459.7275442994
C1QTNF3,-281901.05377427826
IL1RN,-132931.97573964126
ACOT1,89944.806734135
ODF3B,-135865.5437021253
ISOC1,645576.5026247118
TTC6,181964.50637753747
ZNF519,3356.373292455276
SLC43A2,-364154.261619926
WNT3,133616.63195761427
PHYH,91769.2103291935
DCLRE1B,-27340.534049126847
ITGB8,-228724.72283718985
TMPRSS13,-16367.843970664699
ZNF726,1537.552837484942
RBM38,-237818.7862102011
SPOCK2,-1127513.4770840188
TEAD2,-287212.2984080285
AGAP2-AS1,2983.317539608008
LAMP3,-485944.36410646664
ZNF610,13504.350349527562
PDHX,192616.4545322226
PTPN1,1508352.8647351165
AMFR,1783261.746998922
ZRANB1,89098.06742821798
ERVMER34-1,28800.185316102088
PLD4,-129408.26665102513
ADCY3,-334925.02617408766
TBC1D10C,-255019.69791831874
PRKCI,103906.48442966577
HLA-DMB,-1770655.8344100248
XRRA1,146813.6857620471
G6PD,-299014.5602365404
HSPA2,421367.10037548223
ASCC3,-168884.95986376816
EPB41L3,-64116.993873865045
TBC1D3,-4760.4973574104615
HAS2,-118638.61451530464
SAMD8,436884.18722865114
SMAD3,309111.770599038
PCDHB14,-35553.681842252634
NFATC1,-171442.56679644893
SLC1A1,-6975.515040332925
SPON2,-488001.218957893
ATL2,-53831.797713447166
PDPN,-387688.21663505724
PNPLA6,-110848.26928141544
ZNF736,67966.06504889391
PTPRD,-113149.23322633958
LDOC1,263781.2382054706
CCDC113,86949.79695463358
TMEM135,110986.36934128539
QPCT,-122626.07881358224
TMA16,73537.30047909044
UPK3BL,153912.71773811747
ZNF490,5551.620735662634
C10orf12,10526.47403399384
FMNL1,-751792.5354624938
STARD3,-631028.0648695682
SRGAP1,287216.06244665344
IFIT2,-368392.5387416729
HLA-DQB2,-382778.22363840044
ALDH3B1,-95292.45430214124
ITGA2,-2241.8798862756194
GJA5,-273104.02408242674
CD48,-621697.0535957318
VWA8,149944.6488564193
ACBD4,73843.86008070996
PXDN,-1115206.6295934964
ATP1B1,190199.19810768048
SHROOM1,-8504.386826979591
LACTB2,44232.49562875233
MOCOS,6437.556779293465
CDK18,-18979.311448426335
SERPINE2,-667833.3365521883
CCDC34,119558.74115080132
ADCY7,-498407.67236608703
COL6A2,-11898850.684605429
ANKRD37,-1539.296246896728
PABPC1L,108112.18608136302
STAMBPL1,-76296.35454442013
BTG2,-766064.2392897503
CCL5,-1741090.1644813162
KIF12,593781.5409964568
FGFR4,-31400.560504691668
RPL22L1,-74728.3769934715
IRF6,649754.8070103365
TMEM119,-884086.0814253296
FEM1A,48911.79370848382
CCNE1,-24568.316564310822
LONRF2,633623.0232896408
PRKG1,-67529.81532135037
ZXDB,235229.51678173325
MED30,-12648.103426673355
FAM102B,786653.4396533044
TTC30A,192167.4306323386
MTUS1,-29073.74595514244
VANGL2,-36886.140319670456
AKR1B1,-572479.150740286
FAM20A,-373543.0271148004
NCAM2,158254.29526752257
MAMLD1,-47311.41858360291
CCDC6,-36536.00161599106
LIPH,62489.5127523751
IER2,-844213.0592133882
RAB20,-195993.58892896972
SPTLC2,65693.71401932405
ARHGAP30,-876936.8192913242
BTRC,461938.0936619313
SOAT1,-383140.0671548645
CLCN5,-82041.55265923953
CDK3,-9872.925666528
TIGD2,-40790.014079115324
PIM1,-535389.3575418477
RAB23,-122142.94999051036
RGL3,108763.99784354515
UBXN10,185151.36624015024
ST8SIA4,-294680.1844866429
ICAM1,-1697720.9044772054
STXBP4,63308.43435584032
FAXC,71213.75964709526
IGFBP2,1389676.1468212758
SYTL3,-55546.05717069258
GNA15,-109341.56499000365
S1PR3,268213.16247099836
PRDM1,-404207.83932403394
NCOA3,-4760.0173106949715
TGM2,-1903078.7649326234
C21orf91,-179722.27720268167
BTK,-261000.44282550874
SLC31A2,-260404.84250554242
MPP1,-307303.2600644135
GCHFR,-69221.78257442164
ALDH1L2,-280052.30318774626
POLD3,69366.9056526299
TVP23C-CDRT4,-18350.10572895296
INPP5D,-728949.800200909
PRICKLE1,-343819.9036954836
NUP107,229807.3489369308
RAB37,-28419.43226672614
AACS,221152.80019710376
GLIPR1,-574020.2606778926
UQCC1,298487.4009915225
INPP5J,388707.3160100304
ALOX5AP,-364534.8777147149
CMTM8,64807.729485568256
SMARCD3,22089.35928044095
MED24,-97183.87716602378
IFITM10,-44017.74148466571
PHKB,172558.71371094344
KRT80,-100356.07150691122
C21orf119,15198.658796896649
GBP1,-3114082.986887507
METRNL,-157485.0379390737
CCL3,-160714.8412383777
TM2D2,595404.2013990161
GFPT2,-373172.6712939512
ALG10,7495.251567572749
EPHB4,-224730.8667862743
KITLG,595009.0124372666
ZNF670,3972.344781969558
EIF2AK2,-39752.54613192943
C17orf107,5642.307082204096
INTS2,111712.61633502405
PVR,-92440.65652137958
TNFAIP8L2,-120048.40077391223
C18orf54,23789.650873961564
ALG8,642717.5240621237
TPRG1,1026189.6300449193
HMCN1,-735662.6782913147
MAN1A1,21127.64262335346
SLC8A1,-205793.63734636133
IL1RAP,-90673.79281532182
ARFGEF2,799668.8826639453
PPP1R3D,200379.80032538623
PTPRU,33125.72411418345
EVA1A,-72559.87234368752
FYB,-674432.7250529615
TP53INP2,5563.1332287687
AC006449.1,-2049.3047328395633
GRB7,-440714.21459294274
ZC4H2,-31263.269208116235
KIAA1549L,-232849.86174700825
KCNMB3,5041.460574130249
JAK3,-482916.9897500405
TMEM45A,-273029.9770852955
BYSL,26961.325833649476
NINL,27110.79114940569
ETFA,-185588.95689024247
LRRC8D,-85030.27764455402
CDC14A,44542.9645581533
DDX52,75197.98243944072
KLHL23,133436.5418039032
NDUFC2,981209.5048567492
PGAP3,-490316.65511966293
STOM,-620117.3845986068
GARNL3,58745.07332068203
SMPD3,77012.41750589307
B3GNT5,-163671.78649581462
KIAA1958,141647.32415586294
PPP2R3A,-87874.94878801804
KDM2A,240903.45674134
FAM78A,-263096.66105717473
FAR2,37567.480059579415
MSL1,328724.14205987286
ARHGAP25,-446975.0399031894
STMN3,646840.4250430529
VRK2,55524.40955826682
EFNA5,-150045.52770390062
DHRS4-AS1,83093.04497979047
NOS3,-119599.80997720952
MS4A6A,-1038599.3792252151
ADAMTS13,21827.304601044176
PCDHB16,-9928.317984718784
FTL,-27407700.720979623
NBL1,-1007943.8328842733
MZB1,-313032.55071860104
IFI16,-2268660.2114493893
HAUS6,45693.190210550536
CD3E,-756488.5565761406
NOL3,118705.48464933103
LRP5,552930.5580029163
LPGAT1,545508.7998735701
NOSTRIN,126067.91642006281
HIF1A,-920071.2352796334
WDFY4,-461310.66599508835
CTNNBL1,14278.749521470821
PYGB,-228889.36412743983
HLA-DPA1,-9461899.554184569
CYS1,-67679.0887705082
GLRX,-273939.19177559525
TMEM98,3876.220692934428
ACOX3,137988.02122677446
MSH5,7805.758954808733
KHK,26666.248126457278
SIK1,-301306.46116690413
TTC39B,-45043.625307867
SLC35E3,173651.91107897175
SLFN12,-64869.90555715082
CACNA1C,-36691.0520895308
CBX6,-64110.68022061815
KCNQ3,36743.20537781659
USP35,158955.75331888377
GPNMB,-5645471.215130647
ARHGEF26,174085.49179345605
ANKRD9,4997.277194787473
AARD,14628.861501652962
SUB1,1569803.3539008524
ACP6,40922.13582332022
ITGB4,-1273135.4069793394
SPPL2A,-21966.199675446423
MAPK6,1337.91174603502
ATP10A,-144105.39949926452
CLIC4,-1601333.2768729432
EMP3,-488512.95917332295
SRCIN1,81296.82991246405
POLR2F,-70769.95757318886
CLIC6,848353.3756095082
DENND1B,710559.1600603542
PPP1R3F,10707.156971548113
MSN,-6025919.565991486
B4GALNT1,-26020.292452465095
GYLTL1B,-2302.614267735469
IQCH,40368.89491826221
MPZL2,-303305.64273446304
ASTN2,289835.91492095566
SAT1,-2375659.0256931293
TNFSF13,-162740.88326029255
NRCAM,296523.10276397795
PCED1B,-55076.79755237721
FSCN1,-1108341.2553276676
RNF19A,-294631.0680449366
INTS4,209533.05987978933
RALGAPB,720662.0239033459
PRRX2,-71972.09387278267
NELL2,776184.0691947887
RSAD1,141283.08749836573
SLC45A4,31192.612540997732
CYTIP,-367862.839214124
ARMCX1,49130.36749105991
COLEC12,71911.60813707182
ARMCX2,35903.32600394955
ARHGAP9,-286422.9373505971
SCUBE2,7456963.241674744
PDE3A,-10562.008553063819
PIK3R5,-256793.15075869474
LYZ,-10674377.857374692
FBLIM1,-392771.5582319852
BIN2,-338030.5065310672
ZBED6CL,-86364.12516182724
PLA2G6,65672.11937193776
ING1,80443.47025984558
KLF12,-169105.81528076335
CTSV,-37095.05395249851
MMS22L,25925.595950677558
HEATR6,61969.84993733123
ZNF350,-10974.000633993082
DUSP14,47310.85010631248
TRAF1,-396403.09379608254
C19orf66,-247302.10095420328
ZBTB24,-34052.10494731611
TBL1X,220318.8954213288
TOM1L2,349419.2582520513
SPARC,-33079908.271932617
UBR5,934116.7130470631
ACOT9,-293897.87206247065
TOB1,984383.9891222479
BTN2A2,-218593.40756447276
SCP2,133089.30685368914
TLDC1,-136606.94766933916
YEATS2,-212815.60299902898
TTN,59059.21344924484
SLC1A2,460690.89954607945
ASH2L,1187883.2450228368
ENDOV,96133.05949269261
ITPR2,692530.5176075867
PDE7A,-288955.0045034106
MCM3AP,517480.7702777193
KIF5C,330678.4359033686
RASA4B,-63499.68687361664
ANKRD27,-38643.79159165923
IGHMBP2,134247.8232423242
KIAA0895L,34659.660535591065
FAM46C,-226950.3651072649
GCLC,150906.75888637567
CEACAM6,398261.3006886557
TMEM67,80796.62707209306
USP37,147421.112767365
IL15RA,-258736.5352502124
RBP1,144292.47565101582
MFSD2A,-116818.30476968251
TMEM231,16198.428260415814
RHPN2,125733.16403187362
ATP11B,-325980.82271956507
SNX22,-5526.057870063475
HCCS,-36403.60323918862
IL16,-601721.0519835948
FBXL18,-1361.5615569265958
FABP5,-566043.842850659
TMED7-TICAM2,-20018.094242196756
ITGA4,-262500.08072345896
RPRD1B,163136.2989743375
TLR6,-126431.73514306583
HFE,-14215.126582064298
HOXB3,143158.1316306235
NHS,2721.541873229807
KIF16B,440168.9349976619
FAM167B,-23606.214088210098
B3GNT1,150908.53816634242
MAPRE3,89417.77729605103
UVRAG,24312.59417489111
CD300A,-197416.27236912397
SLITRK6,1048774.883620815
IFI44L,-752064.1973395862
KIF21B,-213631.73516314113
HS3ST3B1,-97581.45231106466
C2,-1126040.2715186703
CCRN4L,60715.050882174255
ITGAV,-933170.5724973977
QDPR,728905.4375743822
TMEM200B,98782.67251146257
SMARCE1,661105.3402721931
SPIN4,19373.147880542303
DEGS1,-337226.89370701544
DMPK,29529.297547772207
LAMA5,327310.1924630939
SLC45A3,-30445.584021390263
WFDC2,317559.21143278945
DUSP7,-190282.79488376772
RGS11,127457.07443898897
RIPK3,-8288.874013860777
YOD1,-77360.6071283289
CNTN4,13558.628033700246
SLCO3A1,-23290.805489085335
RASD2,-140860.2717826157
TBC1D24,65136.212751196195
TMC8,-434450.676808403
MZF1,93772.03873717561
NEK11,82260.662746147
NPTXR,105958.44685026155
FNDC3B,-817722.8139071707
MANSC1,182501.9765554277
ENO3,29337.608119544133
APLP1,383945.3624479108
ZDHHC20,-45585.01376202674
CCDC163P,1623.3400474391478
ZNF396,85200.68026717131
ADAM9,217442.13872452232
PAAF1,159526.71410883748
FAM110C,125313.89759142385
SYT11,-263409.4762949197
CD22,-162734.05161392174
KAT7,406864.6990051992
THSD4,3138834.226674466
TCEAL1,460277.08805366873
TATDN1,45353.44328268332
HEXDC,5506.81765720808
SHISA2,-15014.689655325335
EAF2,-34549.865745365816
S100A10,-1420112.075842726
FIG4,53146.769969250185
ENDOD1,18892.58285544044
ABI3,-205498.43934604063
ICA1L,68092.9508653586
WIPI1,66349.36192299685
RAB38,51733.646031212884
ZNF24,1414995.261449187
PFDN4,36814.93608400051
TMEM158,-99119.77823592795
LIPA,-1470527.8300620993
RPS7,-2131942.7488030978
TXNDC16,333922.41883617186
CRISPLD2,-1520914.4618757027
AMN1,96765.0748804339
BDP1,184204.0729361608
ATG16L2,36213.46725860213
TM7SF2,201650.89179900408
OPHN1,75882.8066489428
CTD-2267D19.3,70795.50967384609
EBF4,167489.43205913546
ATHL1,295056.89199718036
CCNJ,4329.167100509551
RALGAPA2,-42935.258393271826
ACTR3B,38012.72530701871
SMCO4,-203264.61552335529
RAPGEF5,37606.047659140226
EYA2,17667.252120881185
PTPRT,900419.1684674126
RAPGEFL1,137124.43884758904
HSD17B14,46837.188853944055
S100A6,-3049727.3049862175
FAM169A,84231.79857368761
FAM211B,29596.522918566036
PLXNB3,30586.27747272228
GPX7,-121158.47214968942
ARHGAP4,-382564.063440379
STYK1,-5923.793509301562
CARD10,91717.15005241467
UBD,-2890834.6233063336
SUMF2,287715.3767263075
NFKBIZ,47624.54968475165
LRIG1,1229309.3774929454
FCGR2B,-411040.64043381513
NPL,-355618.37648600875
RWDD2A,35706.19393651409
ZNF717,8711.075787016713
CHST2,-235970.15123500588
OSCP1,95360.12689262866
TP53,-109191.52808048078
NARS2,114992.26388650967
SAMD9L,-1154785.2388293017
BARX2,236781.32909291596
SLC22A4,26286.527567879446
OSGIN1,34205.63213247618
MSC,-172281.4789381526
PRR5L,-180592.93369952912
CDK12,-89253.70931329703
PLEKHS1,-353248.58059462905
FXYD5,-1365310.838261913
PTPRN2,775356.7723012946
EXOC2,1416620.34021958
TNFSF13B,-438858.0341782822
GATA2,137836.14820776266
FCGRT,261930.9877812453
VPS13B,410104.3975401928
C8orf37,33639.30412373927
ATP1B3,-532088.012823254
SIAE,110258.39574631414
SLC27A2,502574.2180983544
PIGS,374649.17962334614
HOXD8,57.19518269640383
VILL,-18859.069038565114
S100A13,134883.83109035922
PLEKHG4,31777.217386788972
MAOB,-168657.9727232436
FAM84A,79047.43889923207
GLCE,673012.4037073929
MMP15,-25797.775722784252
CCDC102A,-69599.39595684843
COPS2,243224.73759388435
APH1B,208014.8656976529
KCTD21,172412.40547001307
KIF7,-25179.224216475206
ZFAND2A,-21766.148653391338
MAP6,19867.218124902254
RNF144A,-298553.98868284794
TBX3,1441326.7500641488
CBFA2T3,109155.40232667016
MFGE8,-2686019.8666696325
HLA-DRB5,-3135261.8591942973
LILRB2,-225004.83595168573
CCT6B,17240.048016307643
CLEC2D,-133441.74566875244
DCLRE1C,-61162.838057086556
DENND3,-270411.9582002726
ZNF613,-2529.880454043935
EDIL3,-64256.956112277956
MPP2,220823.56289178022
FAM115C,-41291.63748848051
PRSS16,-9056.562660927633
PTPRC,-2373240.230184135
NCF2,-456095.87880249455
USP32,508459.58391677367
MFHAS1,-241405.12879802854
RAD51B,-15462.779748151788
AS3MT,163898.27273705124
TRANK1,-416993.68353985116
WNT5B,-67056.35642236946
EVI2B,-702544.1837626729
RP9,2039.9618645724947
ZNF626,67464.7742287749
SLAMF7,-879961.8608365615
PAK1IP1,-43392.54715606713
PHF19,-163843.98183952642
NCKAP1L,-932726.885975083
OSGIN2,166241.75044648018
ARSD,679414.2450280174
FZD6,186330.51099248
MCF2L,309718.8889196452
MTRR,43758.55830001217
CDC42BPA,-101607.41022890726
SPN,-412770.2387618248
