,CPE
TCGA-AO-A0JC,-4.3771858788331945
TCGA-LD-A9QF,-4.264284073994372
TCGA-BH-A0H5,-4.164664834430706
TCGA-A2-A25F,-3.5322671432746926
TCGA-B6-A0RT,-3.1315764241408357
TCGA-A2-A0ST,-3.0577843948344166
TCGA-A2-A04Q,-2.9766131625973555
TCGA-E9-A2JT,-2.9522617929262367
TCGA-LL-A5YO,-2.896179850653358
TCGA-OL-A5RY,-2.785491806693729
TCGA-A2-A0EP,-2.777374683470023
TCGA-BH-A1F0,-2.727196103541658
TCGA-BH-A0RX,-2.6681624800965227
TCGA-EW-A1P7,-2.6504523930629817
TCGA-AR-A1AX,-2.634956066908634
TCGA-A8-A0A7,-2.6268389436849278
TCGA-A2-A0CL,-2.6268389436849278
TCGA-A8-A08H,-2.582563726101076
TCGA-AR-A1AW,-2.5227921823628767
TCGA-GM-A2DI,-2.5117233779669137
TCGA-E9-A243,-2.505082095329336
TCGA-AN-A0FN,-2.4172695804546964
TCGA-AO-A128,-2.3995594934211564
TCGA-A8-A07U,-2.3980836528350276
TCGA-AR-A24U,-2.3700426816985884
TCGA-AR-A1AJ,-2.3434775511482777
TCGA-A2-A0T1,-2.333884587338443
TCGA-D8-A1Y2,-2.323553703235544
TCGA-D8-A73U,-2.315436580011838
TCGA-E9-A248,-2.311746978546517
TCGA-D8-A141,-2.2770647247725
TCGA-E9-A1NE,-2.2357411883609055
TCGA-HN-A2OB,-2.215079420155108
TCGA-E2-A15M,-2.2069622969314016
TCGA-BH-A1EU,-2.196631412828503
TCGA-AR-A252,-2.135384028504175
TCGA-AC-A2FB,-2.0955363326787086
TCGA-E2-A108,-2.0793020862312965
TCGA-AR-A0U4,-2.017316781613904
TCGA-EW-A2FR,-1.9686140422716674
TCGA-EW-A1PB,-1.9664002813924746
TCGA-EW-A1IZ,-1.9486901943589339
TCGA-BH-A209,-1.941310991428292
TCGA-AO-A12D,-1.9398351508421636
TCGA-D8-A1JB,-1.9390972305490997
TCGA-AR-A0TS,-1.9346697087907145
TCGA-B6-A3ZX,-1.9287663464462008
TCGA-EW-A3U0,-1.9095804188265317
TCGA-AR-A2LH,-1.902939136188954
TCGA-A8-A09X,-1.8712085635871938
TCGA-E9-A3QA,-1.863829360656552
TCGA-EW-A1OV,-1.8594018388981663
TCGA-AR-A1AO,-1.8520226359675245
TCGA-D8-A1JL,-1.8439055127438184
TCGA-PL-A8LZ,-1.8424296721576903
TCGA-C8-A26X,-1.7974165342807744
TCGA-BH-A0DV,-1.7856098095917474
TCGA-A7-A4SD,-1.7612584399206288
TCGA-AR-A5QQ,-1.746500034059345
TCGA-LL-A441,-1.7310037079049971
TCGA-BH-A0B7,-1.7132936208714562
TCGA-BH-A0B6,-1.6977972947171083
TCGA-C8-A278,-1.6941076932517873
TCGA-OL-A66I,-1.6800872076835676
TCGA-A2-A0EQ,-1.660901280063899
TCGA-E9-A1ND,-1.6490945553748715
TCGA-C8-A12V,-1.6476187147887433
TCGA-PE-A5DE,-1.6476187147887433
TCGA-GM-A2DN,-1.643929113323422
TCGA-AR-A2LQ,-1.638763671271973
TCGA-BH-A0C0,-1.629170707462138
TCGA-D8-A1JU,-1.589323011636672
TCGA-BH-A0BZ,-1.5775162869476445
TCGA-BH-A0W5,-1.5760404463615163
TCGA-A7-A26G,-1.5450477940528202
TCGA-BH-A0BO,-1.5369306708291142
TCGA-AR-A0TT,-1.5325031490707288
TCGA-AQ-A7U7,-1.518482663502509
TCGA-C8-A132,-1.511103460571867
TCGA-AR-A1AI,-1.5074138591065465
TCGA-BH-A0BR,-1.5074138591065465
TCGA-BH-A0C3,-1.4727316053325292
TCGA-GM-A2DF,-1.4653524024018871
TCGA-A8-A08X,-1.4609248806435025
TCGA-AC-A3BB,-1.4587111197643094
TCGA-BH-A0DX,-1.4380493515585127
TCGA-A7-A0CG,-1.4380493515585127
TCGA-AC-A2FE,-1.3996774963191738
TCGA-BH-A0DG,-1.3945120542677252
TCGA-S3-AA15,-1.393774133974661
TCGA-E9-A1QZ,-1.3915603730954678
TCGA-AR-A1AQ,-1.3812294889925694
TCGA-EW-A1P1,-1.3812294889925694
TCGA-AC-A6IW,-1.3672090034243496
TCGA-E9-A1NC,-1.3554022787353222
TCGA-D8-A27M,-1.3502368366838735
TCGA-A8-A09Q,-1.3421197134601675
TCGA-E2-A153,-1.3295750684780758
TCGA-E9-A1NF,-1.3185062640821126
TCGA-A2-A0CM,-1.3126029017375995
TCGA-B6-A0WX,-1.3111270611514705
TCGA-A2-A0YK,-1.2985824161693797
TCGA-BH-A0EB,-1.2978444958763158
TCGA-E2-A14Z,-1.2978444958763158
TCGA-BH-A0DI,-1.2793964885497104
TCGA-BH-A18H,-1.2749689667913258
TCGA-5L-AAT1,-1.2712793653260044
TCGA-C8-A12K,-1.2528313579994
TCGA-BH-A2L8,-1.252093437706336
TCGA-E2-A1II,-1.2484038362410146
TCGA-A2-A3XY,-1.2402867130173085
TCGA-E9-A1NG,-1.2329075100866664
TCGA-BH-A0AY,-1.227742068035217
TCGA-LD-A74U,-1.2196249448115108
TCGA-BH-A208,-1.205604459243291
TCGA-AR-A1AT,-1.1930598142612003
TCGA-E2-A3DX,-1.1834668504513652
TCGA-BH-A0BF,-1.1805151692791087
TCGA-A2-A1G1,-1.173873886641531
TCGA-AC-A3W6,-1.165756763417825
TCGA-C8-A1HM,-1.1598534010733113
TCGA-A8-A094,-1.1495225169704129
TCGA-E9-A22D,-1.1473087560912196
TCGA-D8-A1JG,-1.1450949952120273
TCGA-S3-AA17,-1.1251711472992947
TCGA-LL-A73Z,-1.111150661731075
TCGA-BH-A0BQ,-1.104509379093497
TCGA-AC-A23E,-1.094916415283662
TCGA-C8-A8HP,-1.0934405746975338
TCGA-AC-A23G,-1.0831096905946354
TCGA-AR-A0TX,-1.0757304876639935
TCGA-D8-A1JK,-1.0757304876639935
TCGA-AR-A1AK,-1.0631858426819019
TCGA-BH-A0BL,-1.0351448715454623
TCGA-A2-A0EN,-1.0277656686148204
TCGA-E9-A22A,-1.0196485453911144
TCGA-BH-A203,-1.0115314221674083
TCGA-AR-A250,-1.0034142989437023
TCGA-A2-A0CX,-0.9989867771853176
TCGA-D8-A27I,-0.9849662916170978
TCGA-A2-A0EV,-0.9820146104448405
TCGA-A2-A25A,-0.97832500897952
TCGA-AC-A2FO,-0.9738974872211345
TCGA-AR-A0U0,-0.9672562045835567
TCGA-EW-A1PE,-0.962828682825172
TCGA-BH-A1EW,-0.9620907625321079
TCGA-A7-A6VY,-0.9547115596014659
TCGA-AC-A8OQ,-0.9517598784292087
TCGA-AR-A24S,-0.9510219581361445
TCGA-AQ-A04J,-0.9480702769638881
TCGA-A2-A0EW,-0.9480702769638881
TCGA-BH-A1FB,-0.9362635522748607
TCGA-LD-A7W5,-0.9347877116887324
TCGA-A8-A08R,-0.930360189930347
TCGA-S3-AA10,-0.9023192187939083
TCGA-OL-A5RU,-0.8986296173285869
TCGA-A2-A3XW,-0.8949400158632663
TCGA-B6-A0IH,-0.8927262549840732
TCGA-XX-A89A,-0.891988334691009
TCGA-A2-A0YH,-0.891250414397945
TCGA-XX-A899,-0.8905124941048809
TCGA-AC-A3YI,-0.8897745738118167
TCGA-EW-A1P4,-0.8860849723464953
TCGA-A2-A0EO,-0.8779678491227892
TCGA-E9-A1R3,-0.8565681606239276
TCGA-BH-A1FU,-0.8521406388655429
TCGA-AR-A1AR,-0.8514027185724788
TCGA-C8-A1HF,-0.8514027185724788
TCGA-JL-A3YW,-0.8484510374002215
TCGA-A8-A06R,-0.8484510374002215
TCGA-AN-A0AL,-0.8484510374002215
TCGA-BH-A8G0,-0.8484510374002215
TCGA-A8-A08P,-0.8484510374002215
TCGA-D8-A1JH,-0.8484510374002215
TCGA-A8-A06P,-0.8418097547626437
TCGA-AR-A24W,-0.8395959938834514
TCGA-A2-A3XZ,-0.8395959938834514
TCGA-A7-A3IY,-0.8381201532973231
TCGA-AC-A3OD,-0.8373822330042591
TCGA-E9-A227,-0.8248375880221674
TCGA-AR-A5QM,-0.8248375880221674
TCGA-A2-A259,-0.8240996677291034
TCGA-AR-A24O,-0.8026999792302416
TCGA-D8-A1JD,-0.8026999792302416
TCGA-AC-A6IV,-0.7953207762995997
TCGA-EW-A1IY,-0.7599006022325182
TCGA-A2-A0CV,-0.7569489210602618
TCGA-C8-A12W,-0.7554730804741335
TCGA-D8-A142,-0.7399767543197856
TCGA-E2-A159,-0.7385009137336573
TCGA-AO-A129,-0.7340733919752719
TCGA-EW-A6SC,-0.7311217108030155
TCGA-A8-A07G,-0.7289079499238222
TCGA-LL-A73Y,-0.7274321093376941
TCGA-D8-A146,-0.7163633049417315
TCGA-BH-A1EY,-0.7141495440625384
TCGA-BH-A18F,-0.7134116237694743
TCGA-A7-A26F,-0.711197862890282
TCGA-C8-A1HG,-0.7089841020110896
TCGA-BH-A1F6,-0.7082461817180247
TCGA-B6-A0IJ,-0.6957015367359339
TCGA-AR-A1AL,-0.6949636164428699
TCGA-E2-A573,-0.6875844135122279
TCGA-AC-A23C,-0.6853706526330348
TCGA-D8-A13Z,-0.6838948120469065
TCGA-AO-A0J5,-0.6669226453064303
TCGA-AR-A2LO,-0.6551159206174029
TCGA-A2-A0CP,-0.6396195944630548
TCGA-AC-A7VC,-0.6396195944630548
TCGA-A2-A0SW,-0.6307645509462847
TCGA-E9-A1RF,-0.6285507900670924
TCGA-BH-AB28,-0.6241232683087069
TCGA-E2-A1AZ,-0.6219095074295146
TCGA-A1-A0SI,-0.6182199059641932
TCGA-D8-A27R,-0.6174819856711291
TCGA-E9-A244,-0.6108407030335512
TCGA-C8-A12O,-0.6056752609821024
TCGA-AR-A254,-0.6034615001029093
TCGA-BH-A0B3,-0.6019856595167811
TCGA-EW-A1PF,-0.5990339783445247
TCGA-E9-A1N4,-0.5850134927763049
TCGA-A7-A3J1,-0.5835376521901766
TCGA-4H-AAAK,-0.5798480507248552
TCGA-A7-A0DB,-0.5768963695525988
TCGA-BH-A42V,-0.5746826086734056
TCGA-5L-AAT0,-0.5717309275011492
TCGA-E2-A1LI,-0.5687792463288928
TCGA-D8-A1XK,-0.5687792463288928
TCGA-BH-A6R9,-0.5658275651566355
TCGA-AO-A03M,-0.562137963691315
TCGA-BH-A1FC,-0.5599242028121226
TCGA-BH-A0AU,-0.5577104419329294
TCGA-AC-A8OS,-0.5554966810537371
TCGA-BH-A18M,-0.5540208404676089
TCGA-E2-A1LL,-0.5481174781230952
TCGA-E9-A22E,-0.5436899563647096
TCGA-BH-A0DP,-0.5355728331410036
TCGA-A8-A09R,-0.5281936302103617
TCGA-BH-A0H3,-0.5281936302103617
TCGA-B6-A0WS,-0.5281936302103617
TCGA-A8-A07E,-0.5281936302103617
TCGA-BH-A0B5,-0.523766108451977
TCGA-EW-A6SD,-0.5186006664005274
TCGA-A8-A07J,-0.5186006664005274
TCGA-C8-A8HR,-0.5186006664005274
TCGA-A8-A0A1,-0.5186006664005274
TCGA-BH-A8FZ,-0.5186006664005274
TCGA-A8-A096,-0.5186006664005274
TCGA-C8-A8HQ,-0.5186006664005274
TCGA-A1-A0SH,-0.5178627461074633
TCGA-AR-A24Q,-0.5171248258143992
TCGA-BH-A0C1,-0.5126973040560137
TCGA-D8-A1XQ,-0.5126973040560137
TCGA-C8-A12Q,-0.5126973040560137
TCGA-BH-A0BP,-0.5008905793669871
TCGA-C8-A275,-0.4927734561432802
TCGA-AO-A0J4,-0.49129761555715196
TCGA-GM-A2DH,-0.48982177497102375
TCGA-AO-A0JE,-0.48982177497102375
TCGA-BH-A0AW,-0.4861321735057032
TCGA-A2-A0SX,-0.47949089086812535
TCGA-AN-A049,-0.4787529705750613
TCGA-E2-A152,-0.4765392096958681
TCGA-A2-A3XT,-0.4750633691097399
TCGA-E2-A150,-0.46325664442071324
TCGA-BH-A0AZ,-0.45809120236926365
TCGA-BH-A0DL,-0.45809120236926365
TCGA-A8-A097,-0.45809120236926365
TCGA-BH-A0DT,-0.4551395211970064
TCGA-D8-A1XM,-0.4507119994386217
TCGA-AC-A2FF,-0.4492361588524935
TCGA-D8-A1J9,-0.44702239797330034
TCGA-A2-A0YI,-0.43816735445653016
TCGA-EW-A3E8,-0.43300191240508057
TCGA-A8-A0A6,-0.43152607181895236
TCGA-D8-A1XW,-0.42636062976750355
TCGA-LL-A440,-0.4234089485952463
TCGA-AR-A2LN,-0.4234089485952463
TCGA-A8-A075,-0.42045726742298983
TCGA-AR-A1AN,-0.4189814268368616
TCGA-A7-A13H,-0.4175055862507326
TCGA-A2-A0SV,-0.4034851006825128
TCGA-A2-A0EX,-0.3968438180449358
TCGA-B6-A401,-0.39241629628655034
TCGA-A8-A08A,-0.3909404557004221
TCGA-LL-A5YP,-0.3909404557004221
TCGA-AO-A03U,-0.390202535407358
TCGA-E9-A1N5,-0.38946461511429387
TCGA-BH-A0BG,-0.38872669482122896
TCGA-BH-A0BV,-0.38872669482122896
TCGA-BH-A0BW,-0.38872669482122896
TCGA-BH-A0B4,-0.38872669482122896
TCGA-OL-A5D6,-0.38872669482122896
TCGA-E2-A15H,-0.38872669482122896
TCGA-BH-A0B0,-0.38872669482122896
TCGA-C8-A1HI,-0.3879887745281648
TCGA-AC-A3HN,-0.3872508542351007
TCGA-A2-A25D,-0.38356125276978015
TCGA-C8-A12P,-0.382823332476716
TCGA-BH-A202,-0.38208541218365194
TCGA-E9-A1RI,-0.37765789042526643
TCGA-A8-A09A,-0.37765789042526643
TCGA-E2-A1B0,-0.3702786874946245
TCGA-A2-A4RX,-0.3643753251501108
TCGA-C8-A135,-0.359209883098662
TCGA-E2-A15G,-0.3540444410472124
TCGA-D8-A145,-0.3496169192888269
TCGA-PE-A5DD,-0.3392860351859285
TCGA-AC-A3W5,-0.3341205931344789
TCGA-E9-A1RA,-0.3296930713760942
TCGA-AO-A12A,-0.3282172307899652
TCGA-D8-A1JE,-0.3237897090315805
TCGA-BH-A0DK,-0.3237897090315805
TCGA-BH-A0EA,-0.3215759481523874
TCGA-A7-A6VV,-0.32083802785932325
TCGA-BH-A0DE,-0.3186242669801309
TCGA-BH-A0AV,-0.3186242669801309
TCGA-AN-A03X,-0.3186242669801309
TCGA-EW-A1PG,-0.3134588249286813
TCGA-AO-A0JJ,-0.311245064049489
TCGA-BH-A0HP,-0.3023900205327188
TCGA-3C-AALK,-0.30017625965352646
TCGA-BH-A1FH,-0.2913212161367555
TCGA-E2-A1LE,-0.29058329584369136
TCGA-AN-A0XL,-0.2861557740853067
TCGA-E2-A1L6,-0.2846799334991785
TCGA-AC-A2B8,-0.28320409291304943
TCGA-B6-A400,-0.27877657115466475
TCGA-E9-A229,-0.27877657115466475
TCGA-D8-A1Y1,-0.27877657115466475
TCGA-E2-A1IJ,-0.2750869696893434
TCGA-A1-A0SD,-0.27287320881015104
TCGA-A1-A0SP,-0.26770776675870145
TCGA-A1-A0SN,-0.26623192617257324
TCGA-AR-A255,-0.2544252014835458
TCGA-A7-A2KD,-0.2536872811904817
TCGA-A2-A4S3,-0.25147352031128933
TCGA-AN-A0AS,-0.2485218391390329
TCGA-C8-A3M7,-0.23154967239855587
TCGA-E2-A14X,-0.22638423034710708
TCGA-GI-A2C9,-0.22638423034710708
TCGA-A2-A0T4,-0.2241704694679139
TCGA-3C-AALI,-0.2226946288817857
TCGA-AO-A12E,-0.21900502741646513
TCGA-AN-A0XW,-0.2116258244858232
TCGA-D8-A1XY,-0.21014998389969416
TCGA-GI-A2C8,-0.20498454184824538
TCGA-AN-A0XN,-0.20424662155518125
TCGA-A7-A26J,-0.19686741862453933
TCGA-GM-A2DL,-0.1961294983314752
TCGA-A8-A095,-0.1953915780384111
TCGA-A8-A08I,-0.18948821569389737
TCGA-OL-A66J,-0.18948821569389737
TCGA-B6-A0IQ,-0.18948821569389737
TCGA-AQ-A0Y5,-0.18948821569389737
TCGA-E2-A14P,-0.18948821569389737
TCGA-A8-A09W,-0.18948821569389737
TCGA-AN-A0FV,-0.18948821569389737
TCGA-BH-A0HO,-0.18948821569389737
TCGA-E2-A14V,-0.18948821569389737
TCGA-BH-A0DO,-0.18948821569389737
TCGA-AR-A0TQ,-0.18432277364244778
TCGA-D8-A1X5,-0.18358485334938365
TCGA-A2-A0YL,-0.17989525188406227
TCGA-BH-A0W7,-0.17841941129793407
TCGA-BH-A18I,-0.17841941129793407
TCGA-A8-A09D,-0.17841941129793407
TCGA-AN-A046,-0.17841941129793407
TCGA-A2-A0CU,-0.17841941129793407
TCGA-A7-A426,-0.17620565041874173
TCGA-EW-A2FV,-0.17620565041874173
TCGA-A8-A09G,-0.17325396924648528
TCGA-AN-A0AM,-0.16735060690197157
TCGA-E9-A1R0,-0.16735060690197157
TCGA-A2-A0CS,-0.16144724455745785
TCGA-C8-A26W,-0.16070932426439374
TCGA-D8-A27G,-0.1592334836782655
TCGA-E2-A10F,-0.1592334836782655
TCGA-A7-A4SA,-0.15554388221294413
TCGA-C8-A27B,-0.15259220104068769
TCGA-E9-A3Q9,-0.15037844016149451
TCGA-A2-A4RW,-0.15037844016149451
TCGA-A2-A1FZ,-0.13930963576553201
TCGA-A2-A1G0,-0.1385717154724679
TCGA-A2-A0EY,-0.13562003430021063
TCGA-AC-A2QI,-0.13119251254182598
TCGA-BH-A42T,-0.12455122990424815
TCGA-E2-A1B1,-0.12086162843892677
TCGA-A2-A0D2,-0.11495826609441387
TCGA-AN-A0XV,-0.11422034580134975
TCGA-D8-A1X8,-0.11422034580134975
TCGA-AN-A04A,-0.11126866462909249
TCGA-EW-A1J2,-0.11053074433602837
TCGA-A8-A076,-0.10831698345683605
TCGA-A8-A08L,-0.10610322257764371
TCGA-OK-A5Q2,-0.10536530228457877
TCGA-D8-A27T,-0.09872401964700177
TCGA-A2-A0YD,-0.09872401964700177
TCGA-E2-A1IO,-0.09282065730248805
TCGA-D8-A27W,-0.08913105583716667
TCGA-D8-A1JF,-0.08248977319958885
TCGA-A2-A04N,-0.07806225144120417
TCGA-AR-A24L,-0.06920720792443401
TCGA-AR-A1AM,-0.06920720792443401
TCGA-S3-AA0Z,-0.06551760645911263
TCGA-B6-A0RS,-0.05813840352847069
TCGA-D8-A1Y0,-0.05740048323540658
TCGA-AN-A0XS,-0.05518672235621424
TCGA-OL-A5D7,-0.05297296147702108
TCGA-D8-A1XT,-0.05149712089089286
TCGA-D8-A1J8,-0.04485583825331503
TCGA-E9-A1NA,-0.04411791796025092
TCGA-A2-A04X,-0.03895247590880132
TCGA-A8-A090,-0.03895247590880132
TCGA-AN-A041,-0.03895247590880132
TCGA-A2-A0CO,-0.03526287444348076
TCGA-AQ-A1H3,-0.03157327297815938
TCGA-A1-A0SF,-0.02862159180590293
TCGA-A8-A086,-0.026407830926710594
TCGA-EW-A1IX,-0.02493199034058237
TCGA-BH-A0B9,-0.024194070047517436
TCGA-BH-A18J,-0.024194070047517436
TCGA-C8-A130,-0.024194070047517436
TCGA-E9-A226,-0.020504468582196875
TCGA-PL-A8LV,-0.01460110623768316
TCGA-A2-A0T6,-0.01386318594461905
TCGA-A2-A0T0,-0.012387345358490825
TCGA-A2-A0YJ,-0.011649425065426712
TCGA-E9-A24A,-0.009435664186234377
TCGA-A2-A0YM,-0.0072219033070412214
TCGA-D8-A27K,-0.005746062720912997
TCGA-AC-A2BM,-0.004270222134784773
TCGA-D8-A1JJ,-0.002794381548656549
TCGA-A8-A07W,-0.0013185409625275058
TCGA-BH-A0BA,0.0016331402097289425
TCGA-S3-A6ZF,0.007536502554242658
TCGA-A8-A07F,0.01934322724326927
TCGA-EW-A1P8,0.02008114753633338
TCGA-A2-A04W,0.024508669294718875
TCGA-GM-A3XL,0.025984509880847096
TCGA-GM-A3XN,0.02672243017391121
TCGA-EW-A1IW,0.02746035046697532
TCGA-A8-A09I,0.0311499519322967
TCGA-A2-A3Y0,0.03705331427681042
TCGA-A8-A07P,0.04000499544906687
TCGA-AO-A0JG,0.04074291574213098
TCGA-AO-A03L,0.05402548101728663
TCGA-AN-A0FS,0.05992884336180035
TCGA-A2-A3KC,0.06583220570631407
TCGA-A8-A06O,0.07616308980921245
TCGA-A7-A26I,0.07763893039534067
TCGA-A8-A08G,0.0791147709814689
TCGA-D8-A1XO,0.08132853186066205
TCGA-A8-A07C,0.08870773479130399
TCGA-D8-A1X6,0.09092149567049633
TCGA-A2-A4S2,0.09239733625662455
TCGA-EW-A1PD,0.09313525654968867
TCGA-A8-A08F,0.10125237977339471
TCGA-A8-A0AD,0.10125237977339471
TCGA-A2-A0CZ,0.10125237977339471
TCGA-BH-A0DS,0.10863158270403665
TCGA-BH-A0HF,0.10936950299710077
TCGA-B6-A1KN,0.11158326387629393
TCGA-E2-A15C,0.11453494504855037
TCGA-E9-A1N6,0.11453494504855037
TCGA-OL-A97C,0.11674870592774271
TCGA-E2-A14R,0.11896246680693587
TCGA-A8-A09T,0.12117622768612821
TCGA-A2-A25C,0.13150711178902658
TCGA-BH-A0BJ,0.13445879296128385
TCGA-B6-A0X7,0.13445879296128385
TCGA-AR-A24T,0.1359346335474121
TCGA-AR-A24V,0.1359346335474121
TCGA-D8-A4Z1,0.14036215530579757
TCGA-AN-A0FZ,0.14036215530579757
TCGA-D8-A73X,0.14036215530579757
TCGA-AO-A03V,0.14036215530579757
TCGA-BH-A18R,0.14036215530579757
TCGA-AR-A5QN,0.14036215530579757
TCGA-A2-A0T3,0.14036215530579757
TCGA-OL-A66H,0.14036215530579757
TCGA-MS-A51U,0.14036215530579757
TCGA-A7-A0DA,0.14036215530579757
TCGA-A7-A5ZW,0.14036215530579757
TCGA-A2-A04T,0.14036215530579757
TCGA-BH-A18K,0.1418379958919258
TCGA-BH-A0H9,0.143313836478054
TCGA-AR-A1AP,0.14405175677111814
TCGA-BH-A0E0,0.15512056116708145
TCGA-AR-A5QP,0.1573343220462738
TCGA-S3-AA14,0.15954808292546613
TCGA-BH-A1EO,0.16028600321853023
TCGA-A7-A4SF,0.1639756046838516
TCGA-A8-A08J,0.17135480761449357
TCGA-B6-A0I9,0.17135480761449357
TCGA-A8-A08Z,0.17135480761449357
TCGA-AO-A0JF,0.1735685684936859
TCGA-A8-A081,0.1735685684936859
TCGA-AO-A0JD,0.17430648878675
TCGA-D8-A27N,0.18094777142432783
TCGA-BH-A0B1,0.18758905406190565
TCGA-BH-A0E9,0.18832697435496978
TCGA-BH-A0H7,0.1905407352341621
TCGA-A8-A06X,0.19127865552722623
TCGA-EW-A1J5,0.19349241640641937
TCGA-BH-A0GY,0.19423033669948347
TCGA-BH-A1F2,0.1949682569925476
TCGA-E2-A1IK,0.1993957787509331
TCGA-E9-A295,0.2001336990439972
TCGA-C8-A26Y,0.20529914109544598
TCGA-D8-A140,0.2104645831468956
TCGA-A8-A06T,0.2112025034399597
TCGA-E2-A15I,0.21341626431915203
TCGA-A1-A0SG,0.2163679454914093
TCGA-EW-A6S9,0.21784378607753754
TCGA-BH-A0HQ,0.22153338754285892
TCGA-D8-A27V,0.22596090930124357
TCGA-AO-A0JM,0.22596090930124357
TCGA-A8-A07B,0.22965051076656495
TCGA-A8-A082,0.22965051076656495
TCGA-GM-A3NW,0.22965051076656495
TCGA-B6-A40B,0.23334011223188553
TCGA-D8-A147,0.23555387311107787
TCGA-AC-A5EH,0.2421951557486557
TCGA-BH-A1EX,0.2525260398515549
TCGA-AC-A8OP,0.2540018804376831
TCGA-EW-A1P5,0.2606431630752609
TCGA-OL-A6VO,0.2635948442475174
TCGA-S3-AA11,0.26728444571283877
TCGA-E9-A1NI,0.2680223660059029
TCGA-D8-A1XS,0.268760286298967
TCGA-AR-A1AU,0.27318780805735166
TCGA-BH-A201,0.2746636486434807
TCGA-EW-A1OW,0.28130493128105855
TCGA-A2-A0T5,0.2820428515741227
TCGA-D8-A27H,0.28278077186718675
TCGA-3C-AALJ,0.28794621391863556
TCGA-A2-A0ES,0.2938495762631493
TCGA-E2-A15D,0.2953254168492775
TCGA-AO-A03O,0.30418046036604846
TCGA-C8-A12N,0.3056563009521767
TCGA-AO-A0J8,0.3056563009521767
TCGA-E2-A14S,0.3056563009521767
TCGA-A8-A0A2,0.3056563009521767
TCGA-B6-A0RV,0.30860798212443313
TCGA-AO-A1KT,0.31008382271056134
TCGA-E9-A1RD,0.31008382271056134
TCGA-AN-A0AJ,0.3108217430036263
TCGA-D8-A1XZ,0.31598718505507506
TCGA-E2-A1BC,0.31820094593426823
TCGA-PE-A5DC,0.31967678652039644
TCGA-A2-A0SU,0.3218905473995888
TCGA-A8-A099,0.3263180691579743
TCGA-AC-A3W7,0.3322214315024872
TCGA-BH-A0BC,0.33295935179555214
TCGA-B6-A0RP,0.3373868735539368
TCGA-D8-A3Z6,0.3418143953123223
TCGA-EW-A1PA,0.3418143953123223
TCGA-S3-A6ZG,0.3432902358984505
TCGA-AR-A2LM,0.3455039967776428
TCGA-BH-A0B2,0.3491935982429642
TCGA-BH-A0BT,0.35066943882909246
TCGA-B6-A0WY,0.3528831997082848
TCGA-BH-A0HX,0.3565728011736062
TCGA-BH-A0C7,0.35731072146667026
TCGA-AO-A1KS,0.3654278446903763
TCGA-AC-A3QQ,0.3654278446903763
TCGA-AR-A0TV,0.3683795258626328
TCGA-AO-A0J6,0.37133120703489003
TCGA-A8-A09B,0.3750208085002106
TCGA-AO-A12H,0.3772345693794029
TCGA-B6-A0WT,0.3779724896724679
TCGA-E9-A22B,0.37871040996553196
TCGA-C8-A134,0.3809241708447243
TCGA-B6-A0RH,0.3809241708447243
TCGA-BH-A0DZ,0.3809241708447243
TCGA-AC-A5XU,0.3853516926031098
TCGA-E2-A158,0.38608961289617394
TCGA-AR-A24P,0.3905171346545586
TCGA-AN-A0FW,0.3905171346545586
TCGA-A8-A09N,0.3912550549476227
TCGA-A7-A26H,0.3949446564129441
TCGA-A2-A0YT,0.39937217817132875
TCGA-E2-A1L9,0.409703062274228
TCGA-E2-A10A,0.4119168231534203
TCGA-E2-A1IN,0.4156064246187417
TCGA-EW-A1P3,0.4163443449118058
TCGA-D8-A27L,0.4215097869632546
TCGA-AR-A24R,0.4215097869632546
TCGA-A2-A3XS,0.4274131493077683
TCGA-AR-A1AV,0.4281510696008324
TCGA-A2-A3XX,0.4370061131176034
TCGA-BH-A0DQ,0.4377440334106675
TCGA-A8-A0A4,0.4384819537037316
TCGA-A8-A09V,0.4384819537037316
TCGA-BH-A1FM,0.4414336348759881
TCGA-AN-A0XU,0.44217155516905216
TCGA-BH-A1FR,0.44659907692743767
TCGA-3C-AAAU,0.4502886783927582
TCGA-AO-A0J2,0.45102659868582234
TCGA-D8-A73W,0.45102659868582234
TCGA-B6-A1KI,0.4517645189788864
TCGA-OL-A5D8,0.4539782798580796
TCGA-AN-A03Y,0.4547162001511437
TCGA-AC-A2FG,0.45692996103033606
TCGA-AO-A0JA,0.46061956249565744
TCGA-A1-A0SM,0.4628333233748498
TCGA-E9-A1RG,0.46357124366791386
TCGA-E9-A1NH,0.464309163960978
TCGA-B6-A0RQ,0.46799876542629937
TCGA-A2-A1G6,0.4702125263054917
TCGA-A2-A4RY,0.4702125263054917
TCGA-AC-A62Y,0.4702125263054917
TCGA-B6-A40C,0.4702125263054917
TCGA-AN-A0AT,0.4702125263054917
TCGA-A7-A4SE,0.4702125263054917
TCGA-A2-A0EM,0.4702125263054917
TCGA-C8-A12U,0.4702125263054917
TCGA-E2-A14Q,0.4702125263054917
TCGA-A8-A09Z,0.4702125263054917
TCGA-A7-A6VX,0.4702125263054917
TCGA-C8-A12L,0.4702125263054917
TCGA-A8-A0A9,0.4702125263054917
TCGA-A8-A08B,0.4702125263054917
TCGA-A8-A08T,0.4702125263054917
TCGA-BH-A6R8,0.4702125263054917
TCGA-BH-A0BD,0.4702125263054917
TCGA-A7-A26E,0.4702125263054917
TCGA-E2-A14T,0.4716883668916199
TCGA-A7-A13F,0.4716883668916199
TCGA-A8-A07O,0.4716883668916199
TCGA-AN-A0FY,0.4761158886500054
TCGA-A2-A0T7,0.47759172923613363
TCGA-BH-A0WA,0.47906756982226184
TCGA-E2-A1BD,0.48201925099451914
TCGA-B6-A0RE,0.49235013509741754
TCGA-AR-A0TW,0.49530181626967396
TCGA-AC-A2QH,0.49825349744193126
TCGA-A8-A093,0.49972933802805947
TCGA-AO-A1KO,0.5026810192003159
TCGA-AR-A0U2,0.50341893949338
TCGA-LL-A442,0.504156859786445
TCGA-E2-A107,0.504156859786445
TCGA-E9-A22H,0.5078464612517655
TCGA-BH-A0HB,0.5078464612517655
TCGA-GM-A2DM,0.510798142424022
TCGA-A8-A092,0.5130119033032151
TCGA-A7-A4SC,0.5159635844754715
TCGA-A2-A0YG,0.5167015047685357
TCGA-A7-A0CH,0.5181773453546639
TCGA-AO-A12F,0.5181773453546639
TCGA-A1-A0SE,0.5189152656477288
TCGA-AR-A24M,0.5211290265269212
TCGA-E2-A154,0.5211290265269212
TCGA-A8-A06U,0.5211290265269212
TCGA-A1-A0SJ,0.5226048671130494
TCGA-A8-A091,0.5226048671130494
TCGA-AR-A24X,0.5233427874061135
TCGA-C8-A12X,0.527770309164499
TCGA-BH-A5IZ,0.5285082294575632
TCGA-S3-AA12,0.5285082294575632
TCGA-BH-A0W4,0.535887432388205
TCGA-AC-A8OR,0.5388391135604615
TCGA-D8-A27F,0.5447424759049753
TCGA-B6-A408,0.5462183164911034
TCGA-OL-A5RX,0.5484320773702958
TCGA-B6-A0IK,0.5521216788356171
TCGA-AC-A3EH,0.5587629614731949
TCGA-E2-A2P5,0.5595008817662591
TCGA-AR-A251,0.5631904832315796
TCGA-D8-A1XU,0.5713076064552866
TCGA-B6-A0IP,0.5713076064552866
TCGA-E2-A15P,0.5735213673344789
TCGA-BH-A18U,0.5912314543680192
TCGA-A2-A25E,0.5912314543680192
TCGA-AN-A0AK,0.5912314543680192
TCGA-BH-A0EI,0.5912314543680192
TCGA-B6-A0X0,0.5912314543680192
TCGA-D8-A27E,0.6023002587639825
TCGA-E9-A1N9,0.6089415414015603
TCGA-AO-A12G,0.6126311428668809
TCGA-E2-A1IU,0.6200103457975228
TCGA-E9-A1RH,0.6200103457975228
TCGA-AN-A0G0,0.6310791501934861
TCGA-A7-A425,0.6325549907796144
TCGA-B6-A0IM,0.6347687516588068
TCGA-D8-A27P,0.6347687516588068
TCGA-AN-A0FD,0.6347687516588068
TCGA-AN-A0FX,0.6347687516588068
TCGA-B6-A0I6,0.6355066719518708
TCGA-Z7-A8R6,0.6399341937102563
TCGA-E9-A1R2,0.6406721140033205
TCGA-B6-A0X1,0.6421479545894486
TCGA-A7-A5ZV,0.6421479545894486
TCGA-E2-A1LB,0.6450996357617051
TCGA-AN-A0XT,0.6546925995715402
TCGA-AC-A4ZE,0.6591201213299249
TCGA-BH-A1EV,0.659858041622989
TCGA-A2-A0D0,0.660595961916054
TCGA-C8-A3M8,0.6650234836744385
TCGA-AN-A0FJ,0.6664993242605668
TCGA-BH-A1EN,0.6664993242605668
TCGA-OL-A5DA,0.6701889257258882
TCGA-A2-A0SY,0.6731406068981446
TCGA-A2-A0YC,0.6731406068981446
TCGA-AR-A0TU,0.6738785271912088
TCGA-AC-A23H,0.6797818895357225
TCGA-D8-A1JP,0.6805198098287866
TCGA-AR-A256,0.684947331587172
TCGA-EW-A1OZ,0.6856852518802362
TCGA-E9-A1R7,0.6908506939316857
TCGA-AC-A2FK,0.6982298968623277
TCGA-A2-A0YE,0.699705737448456
TCGA-A8-A084,0.699705737448456
TCGA-B6-A0RO,0.7019194983276483
TCGA-EW-A1PH,0.7033953389137765
TCGA-D8-A1XR,0.7152020636028039
TCGA-A2-A3KD,0.7174158244819963
TCGA-D8-A1XB,0.7174158244819963
TCGA-A8-A08O,0.7196295853611886
TCGA-EW-A1P6,0.7211054259473176
TCGA-LL-A740,0.7211054259473176
TCGA-AQ-A04L,0.7277467085848954
TCGA-AN-A0FK,0.730698389757152
TCGA-A2-A0D3,0.730698389757152
TCGA-BH-A18T,0.730698389757152
TCGA-C8-A12T,0.730698389757152
TCGA-E9-A2JS,0.731436310050216
TCGA-B6-A0RU,0.7358638318086015
TCGA-AN-A0XP,0.738815512980858
TCGA-BH-A0E2,0.7461947159114999
TCGA-AR-A2LE,0.7602152014797197
TCGA-D8-A1X7,0.7609531217727838
TCGA-E9-A1RB,0.762428962358912
TCGA-D8-A143,0.7639048029450403
TCGA-BH-A0H6,0.7639048029450403
TCGA-BH-A1FN,0.7653806435311693
TCGA-B6-A0WW,0.7668564841172976
TCGA-AO-A03P,0.7675944044103616
TCGA-BH-A18N,0.7705460855826181
TCGA-D8-A1JC,0.7705460855826181
TCGA-E9-A1R6,0.7705460855826181
TCGA-E2-A1IL,0.7727598464618113
TCGA-AN-A0XO,0.7727598464618113
TCGA-E2-A15F,0.7764494479271318
TCGA-AR-A2LL,0.7830907305647096
TCGA-EW-A1J1,0.7853044914439019
TCGA-A2-A04V,0.7860424117369661
TCGA-A2-A0CW,0.7919457740814798
TCGA-A2-A0ER,0.793421614667608
TCGA-BH-A0HK,0.7978491364259935
TCGA-BH-A18P,0.8000628973051859
TCGA-LL-A7T0,0.8000628973051859
TCGA-A8-A07I,0.8000628973051859
TCGA-A8-A09M,0.8000628973051859
TCGA-A7-A5ZX,0.8000628973051859
TCGA-BH-A18Q,0.8000628973051859
TCGA-OL-A66K,0.8000628973051859
TCGA-A2-A1FX,0.8030145784774431
TCGA-5T-A9QA,0.8059662596496996
TCGA-B6-A0RI,0.810393781408085
TCGA-D8-A1XJ,0.8148213031664697
TCGA-E2-A1IG,0.8288417887346895
TCGA-A2-A0EU,0.8295797090277536
TCGA-A8-A079,0.8310555496138818
TCGA-EW-A1P0,0.8325313902000109
TCGA-C8-A1HN,0.8354830713722673
TCGA-OL-A5RV,0.8354830713722673
TCGA-A1-A0SQ,0.8421243540098451
TCGA-E2-A1LG,0.8450760351821016
TCGA-A8-A08C,0.8465518757682307
TCGA-BH-A1ET,0.8605723613364495
TCGA-A2-A0D4,0.8709032454393488
TCGA-A7-A4SB,0.8738549266116052
TCGA-D8-A3Z5,0.8812341295422472
TCGA-A8-A07L,0.8827099701283754
TCGA-BH-A28Q,0.9055854992133653
TCGA-C8-A273,0.9055854992133653
TCGA-B6-A0RN,0.9063234195064303
TCGA-AR-A1AS,0.9100130209717509
TCGA-AR-A24N,0.911488861557879
TCGA-E2-A14U,0.9144405427301363
TCGA-A8-A09C,0.9144405427301363
TCGA-A2-A0YF,0.9173922239023927
TCGA-B6-A2IU,0.9181301441954569
TCGA-E2-A15S,0.9203439050746492
TCGA-BH-A0E1,0.9210818253677141
TCGA-A7-A0CD,0.9218197456607783
TCGA-B6-A0IG,0.9225576659538424
TCGA-B6-A0I8,0.9240335065399706
TCGA-BH-A0HI,0.9299368688844843
TCGA-E9-A1R5,0.9299368688844843
TCGA-C8-A1HE,0.9387919124012545
TCGA-AR-A24H,0.9402677529873827
TCGA-A7-A0CE,0.9410056732804468
TCGA-D8-A1XA,0.9417435935735109
TCGA-E2-A109,0.942481513866575
TCGA-E2-A1L7,0.9439573544527041
TCGA-C8-A26V,0.9461711153318965
TCGA-AO-A12C,0.9646191226585008
TCGA-BH-A0HU,0.9646191226585008
TCGA-B6-A0IO,0.9646191226585008
TCGA-E2-A15L,0.9646191226585008
TCGA-B6-A0WZ,0.966832883537694
TCGA-AR-A1AY,0.9675708038307581
TCGA-BH-A28O,0.9705224850030145
TCGA-PL-A8LX,0.9719983255891428
TCGA-E2-A1LK,0.9727362458822078
TCGA-AR-A0TZ,0.9749500067614001
TCGA-BH-A0DH,0.9749500067614001
TCGA-A8-A085,0.9808533691059138
TCGA-A2-A0ET,0.9845429705712343
TCGA-A7-A13D,0.9860188111573626
TCGA-E9-A249,0.9897084126226839
TCGA-AC-A6NO,0.9956117749671977
TCGA-A2-A0T2,1.0000392967255822
TCGA-A8-A08S,1.0111081011215457
TCGA-BH-A0E7,1.0111081011215457
TCGA-E2-A10B,1.0111081011215457
TCGA-AN-A0FF,1.0111081011215457
TCGA-B6-A0IB,1.0111081011215457
TCGA-C8-A12Z,1.0125839417076739
TCGA-A2-A25B,1.0192252243452518
TCGA-BH-A18S,1.0332457099134715
TCGA-A7-A3J0,1.036935311378792
TCGA-D8-A1XV,1.0428386737233057
TCGA-C8-A12M,1.04357659401637
TCGA-AR-A2LK,1.045052434602498
TCGA-BH-A1FD,1.045052434602498
TCGA-JL-A3YX,1.0465282751886262
TCGA-S3-A6ZH,1.0494799563608836
TCGA-AR-A2LR,1.0509557969470118
TCGA-C8-A26Z,1.051693717240076
TCGA-D8-A1X9,1.0531695578262041
TCGA-BH-A0DD,1.0612866810499102
TCGA-AQ-A04H,1.0649762825152316
TCGA-E9-A247,1.0664521231013597
TCGA-BH-A0BS,1.067190043394424
TCGA-B6-A0WV,1.0716175651528095
TCGA-C8-A137,1.0804726086695795
TCGA-C8-A1HK,1.0893276521863497
TCGA-A7-A0CJ,1.113679021857468
TCGA-A7-A3RF,1.1262236668395593
TCGA-LD-A7W6,1.1291753480118167
TCGA-A8-A09E,1.1291753480118167
TCGA-EW-A424,1.1291753480118167
TCGA-W8-A86G,1.1291753480118167
TCGA-A8-A07Z,1.1291753480118167
TCGA-C8-A133,1.1291753480118167
TCGA-A8-A07S,1.1291753480118167
TCGA-E2-A1IE,1.1372924712355228
TCGA-E2-A2P6,1.1395062321147151
TCGA-E9-A245,1.1431958335800356
TCGA-BH-A0W3,1.1446716741661647
TCGA-A2-A4S0,1.146885435045357
TCGA-BH-A0HL,1.1505750365106775
TCGA-AR-A0TY,1.1505750365106775
TCGA-A8-A09K,1.1513129568037426
TCGA-BH-A0HY,1.1527887973898707
TCGA-LQ-A4E4,1.1594300800274486
TCGA-D8-A1JA,1.1675472032511547
TCGA-AO-A124,1.1682851235442187
TCGA-A8-A06Y,1.1719747250095394
TCGA-E2-A15O,1.1734505655956684
TCGA-A2-A1G4,1.1830435294055026
TCGA-E2-A14Y,1.186733130870823
TCGA-BH-A1F8,1.1874710511638873
TCGA-AR-A24Z,1.1882089714569515
TCGA-AR-A0U3,1.2000156961459787
TCGA-C8-A274,1.2073948990766208
TCGA-BH-A1FL,1.2073948990766208
TCGA-D8-A1XD,1.210346580248877
TCGA-A7-A0D9,1.2140361817141985
TCGA-A2-A1FW,1.2155120223003268
TCGA-A8-A07R,1.2206774643517764
TCGA-AO-A0J7,1.2206774643517764
TCGA-A8-A083,1.2206774643517764
TCGA-AQ-A1H2,1.2280566672824182
TCGA-C8-A27A,1.2346979499199962
TCGA-E9-A228,1.2346979499199962
TCGA-D8-A1XG,1.2406013122645099
TCGA-HN-A2NL,1.2406013122645099
TCGA-B6-A0RG,1.241339232557574
TCGA-E9-A1RE,1.242077152850638
TCGA-BH-A1F5,1.2494563557812801
TCGA-EW-A1OY,1.2524080369535364
TCGA-AR-A24K,1.2531459572466006
TCGA-B6-A0X5,1.2553597181257938
TCGA-A2-A0D1,1.2575734790049862
TCGA-AC-A2FM,1.2642147616425639
TCGA-D8-A1JI,1.264952681935628
TCGA-A8-A06Z,1.2693802036940127
TCGA-B6-A402,1.2701181239870776
TCGA-AR-A0TR,1.288566131313682
TCGA-AO-A12B,1.2907798921928744
TCGA-BH-A1FG,1.303324537174966
TCGA-B6-A1KC,1.3107037401056079
TCGA-E9-A1RC,1.311441660398672
TCGA-E2-A15T,1.312179580691736
TCGA-A7-A3IZ,1.3158691821570574
TCGA-E2-A10E,1.3247242256738276
TCGA-A8-A0AB,1.3298896677252772
TCGA-AO-A0JI,1.3343171894836618
TCGA-E9-A1N3,1.3409584721212398
TCGA-OL-A5RZ,1.342434312707368
TCGA-C8-A1HO,1.3468618344657535
TCGA-AR-A1AH,1.3490755953449458
TCGA-D8-A1JM,1.3542410373963953
TCGA-BH-A18L,1.3557168779825237
TCGA-AN-A0FL,1.3571927185686519
TCGA-A8-A06Q,1.3608823200339732
TCGA-EW-A2FW,1.366785682378486
TCGA-EW-A1PC,1.3756407258952572
TCGA-D8-A1XF,1.389661211463477
TCGA-E9-A5UP,1.3918749723426693
TCGA-A7-A13E,1.4081092187900814
TCGA-B6-A0X4,1.4117988202554028
TCGA-E2-A155,1.429508907288943
TCGA-E2-A156,1.4354122696334568
TCGA-AC-A62X,1.4708324437005373
TCGA-E9-A1N8,1.475259965458923
TCGA-A1-A0SK,1.4848529292687571
TCGA-E2-A105,1.4951838133716564
TCGA-B6-A1KF,1.5003492554231053
TCGA-A2-A1FV,1.5003492554231053
TCGA-B6-A0RM,1.5010871757161701
TCGA-A1-A0SO,1.5121559801121327
TCGA-A1-A0SB,1.514369740991325
TCGA-BH-A0B8,1.524700625094224
TCGA-E2-A15R,1.5320798280248662
TCGA-E2-A15J,1.5350315091971225
TCGA-A7-A13G,1.5357694294901867
TCGA-AN-A0AR,1.5652862412127544
TCGA-OL-A6VR,1.570451683264204
TCGA-E9-A22G,1.5793067267809742
TCGA-D8-A1XC,1.5844721688324237
TCGA-D8-A1JN,1.6036580964520923
TCGA-BH-A0H0,1.6036580964520923
TCGA-AO-A0J3,1.6043960167451565
TCGA-A8-A06N,1.6405541111053021
TCGA-A2-A04R,1.6420299516914303
TCGA-E2-A106,1.6767122054654475
TCGA-BH-A1FJ,1.6767122054654475
TCGA-BH-A204,1.7158219809978497
TCGA-AC-A7VB,1.751242155064931
TCGA-EW-A6SA,1.7549317565302525
TCGA-AR-A0TP,1.774855604442985
TCGA-E9-A5UO,1.7874002494250767
TCGA-AN-A04D,1.7881381697181409
TCGA-D8-A13Y,1.796255292941847
TCGA-D8-A1JS,1.7992069741141041
TCGA-B6-A0IC,1.8154412205615162
TCGA-AC-A2BK,1.8383167496465063
TCGA-BH-A0HW,1.8383167496465063
TCGA-B6-A0RL,1.860454358438432
TCGA-EW-A1OX,1.9770457647425748
TCGA-A2-A0CT,2.010252177930463
