,Immune
TCGA-C8-A27A,-0.296454675
TCGA-AR-A0TW,0.25326108
TCGA-A1-A0SH,-0.042179106
TCGA-A2-A0EW,0.076313923
TCGA-GM-A2DN,0.372061295
TCGA-BH-A1FL,-0.167871118
TCGA-C8-A1HO,-0.24498951
TCGA-OL-A5RX,-0.074037627
TCGA-A8-A09T,-0.059885344
TCGA-AR-A24Z,-0.055537131
TCGA-A7-A26I,-0.148636447
TCGA-AC-A5XU,-0.345565948
TCGA-BH-A1FN,-0.027454898
TCGA-C8-A12K,0.384808407
TCGA-D8-A1XW,0.173623505
TCGA-E2-A14Z,0.303545001
TCGA-AN-A0AT,-0.071382786
TCGA-3C-AALI,0.030501135
TCGA-AC-A3HN,0.027506392
TCGA-AR-A1AW,0.411071715
TCGA-B6-A3ZX,0.257509099
TCGA-LL-A740,-0.169677162
TCGA-E9-A1NC,0.154633076
TCGA-OL-A5D6,-0.242633647
TCGA-C8-A1HG,0.034108635
TCGA-BH-A0B0,0.214371309
TCGA-E2-A15M,0.330900735
TCGA-AO-A0J7,-0.258401173
TCGA-AR-A252,0.376783203
TCGA-E2-A15I,0.04077122
TCGA-AR-A0TX,0.33799182
TCGA-A7-A3IZ,-0.293273981
TCGA-B6-A0X4,-0.320496174
TCGA-E9-A1N5,0.032701661
TCGA-AR-A2LM,-0.082406439
TCGA-AR-A1AU,-0.210631644
TCGA-E2-A156,-0.05201741
TCGA-B6-A0WT,-0.184197926
TCGA-D8-A1J9,-0.049382009
TCGA-E2-A1B0,0.032249385
TCGA-AC-A2QH,-0.177748901
TCGA-AR-A5QQ,0.272998161
TCGA-BH-A28O,-0.271097892
TCGA-D8-A27N,0.029451683
TCGA-B6-A0I9,-0.020548637
TCGA-A2-A04R,-0.361937086
TCGA-C8-A27B,0.321433592
TCGA-BH-A0BJ,0.092964945
TCGA-AR-A1AS,0.065351541
TCGA-E9-A22B,-0.067961981
TCGA-A1-A0SK,-0.258937863
TCGA-AR-A24M,-0.072803447
TCGA-BH-A201,-0.062542645
TCGA-OL-A66H,0.034915855
TCGA-D8-A1XO,0.211830066
TCGA-AR-A1AR,0.364874516
TCGA-AO-A0J2,0.069865783
TCGA-E2-A1IL,-0.296078943
TCGA-C8-A135,0.03097245
TCGA-A2-A0CZ,-0.058072828
TCGA-BH-A1EX,0.150054549
TCGA-D8-A1X5,0.023495823
TCGA-D8-A4Z1,-0.151736636
TCGA-D8-A1JG,0.164242408
TCGA-OL-A5DA,-0.091824644
TCGA-EW-A1P7,0.380923542
TCGA-A2-A259,0.163445667
TCGA-A7-A4SE,-0.058761381
TCGA-BH-A2L8,0.138483058
TCGA-A8-A06U,0.017545225
TCGA-BH-A0BW,0.353302675
TCGA-BH-A0EI,-0.300346941
TCGA-D8-A1JE,0.082815779
TCGA-A8-A08J,-0.154864507
TCGA-AO-A03L,-0.095247382
TCGA-D8-A1Y0,0.159449542
TCGA-AR-A1AY,0.03320477
TCGA-A8-A09N,-0.22242733
TCGA-E9-A1N3,-0.354560375
TCGA-A1-A0SE,-0.275940838
TCGA-S3-AA0Z,0.185429539
TCGA-E2-A109,-0.335524894
TCGA-A2-A0T1,0.310711344
TCGA-D8-A1X7,-0.101304156
TCGA-AN-A0XO,-0.214334125
TCGA-A2-A0SU,-0.07930687
TCGA-AN-A0XL,-0.234278765
TCGA-B6-A0WS,0.212825079
TCGA-A2-A0YT,-0.234879575
TCGA-A8-A08B,0.005326893
TCGA-A8-A07F,0.062156571
TCGA-A7-A3J0,-0.156925271
TCGA-AR-A254,0.299106073
TCGA-B6-A0RE,-0.126546414
TCGA-AQ-A04L,-0.171431909
TCGA-A7-A2KD,0.020242526
TCGA-AN-A0FJ,-0.049612584
TCGA-BH-A0DX,0.280695545
TCGA-E9-A3Q9,-0.013627232
TCGA-E9-A228,-0.326982703
TCGA-A8-A07I,0.302301352
TCGA-A8-A086,-0.378399486
TCGA-AC-A3W6,0.09323103
TCGA-BH-A203,0.346012011
TCGA-D8-A1JJ,-0.115051759
TCGA-XX-A89A,0.095038018
TCGA-B6-A0RT,0.341011873
TCGA-AO-A0J3,-0.292762192
TCGA-OL-A66K,-0.261799074
TCGA-BH-A202,0.198470487
TCGA-A7-A4SA,0.081085001
TCGA-E2-A14S,-0.017538438
TCGA-E2-A1L9,0.06866563
TCGA-A2-A0EO,0.010023432
TCGA-AC-A2B8,0.210913889
TCGA-A8-A085,-0.285956087
TCGA-A2-A4S3,-0.058877728
TCGA-C8-A12U,0.04127504
TCGA-D8-A1JA,0.008633865
TCGA-BH-A0DP,0.102319999
TCGA-A1-A0SO,-0.239663955
TCGA-E9-A1ND,0.431712895
TCGA-E9-A22A,0.212172876
TCGA-AC-A2FF,0.148552516
TCGA-BH-A0DO,-0.157971364
TCGA-D8-A1XT,-0.009329616
TCGA-E2-A1BD,-0.170015528
TCGA-AO-A03P,-0.290858338
TCGA-E2-A15A,0.03673071
TCGA-A2-A04X,0.15750387
TCGA-B6-A0IC,-0.330293122
TCGA-C8-A12Z,-0.071467363
TCGA-AR-A1AJ,0.466025568
TCGA-A7-A6VV,0.111979417
TCGA-A7-A0DB,-0.046561177
TCGA-AC-A6NO,-0.30600568
TCGA-EW-A2FW,-0.298016447
TCGA-E9-A1RH,-0.189844257
TCGA-A8-A09A,-0.004871094
TCGA-A8-A091,-0.190466923
TCGA-AC-A23H,-0.115268636
TCGA-A7-A13H,0.225079318
TCGA-B6-A400,0.056487322
TCGA-D8-A1Y2,0.283603159
TCGA-LL-A440,0.17444969
TCGA-D8-A141,0.383998105
TCGA-E9-A1RB,-0.054670586
TCGA-EW-A1PC,-0.284888869
TCGA-A8-A081,0.162560338
TCGA-E2-A1II,0.369231762
TCGA-A7-A3RF,-0.353026111
TCGA-AO-A124,-0.105671587
TCGA-BH-A1FJ,-0.250488645
TCGA-AO-A03V,-0.353562642
TCGA-B6-A0X1,0.17927589
TCGA-BH-A0WA,-0.070652687
TCGA-AR-A24S,0.299681903
TCGA-A8-A08X,0.230065615
TCGA-A8-A07P,-0.224609241
TCGA-E9-A5UP,-0.118308067
TCGA-PE-A5DC,-0.405963781
TCGA-C8-A12M,-0.106141542
TCGA-BH-A0HF,-0.002559694
TCGA-AR-A1AK,0.259006332
TCGA-A2-A0SX,0.369141406
TCGA-BH-A0HB,0.08207037
TCGA-3C-AAAU,-0.376497349
TCGA-A2-A0YL,-0.018576207
TCGA-AN-A0FY,-0.286811167
TCGA-AR-A0TZ,-0.205334561
TCGA-A7-A0CD,-0.170054771
TCGA-AN-A041,-0.270341818
TCGA-A2-A3KC,-0.025373745
TCGA-BH-A0BT,-0.026996991
TCGA-A8-A07G,-0.183288636
TCGA-A8-A0A4,-0.286722995
TCGA-BH-A18K,-0.294276387
TCGA-AR-A24R,0.058942319
TCGA-BH-A5IZ,-0.044752241
TCGA-D8-A1JL,0.274819367
TCGA-B6-A0RV,-0.025799515
TCGA-EW-A1IZ,0.348079825
TCGA-A1-A0SG,-0.269228411
TCGA-AR-A0TR,-0.172994034
TCGA-E2-A1LK,-0.189321857
TCGA-E2-A1L7,0.180358885
TCGA-BH-A0B2,0.331958353
TCGA-A2-A1G4,-0.018030687
TCGA-AN-A0AL,0.197407871
TCGA-BH-A18I,0.184797652
TCGA-AN-A046,0.329099633
TCGA-OL-A5RV,-0.268407315
TCGA-A8-A092,-0.210441705
TCGA-LQ-A4E4,-0.295526232
TCGA-A8-A090,0.131362637
TCGA-A2-A04W,-0.044931388
TCGA-3C-AALK,-0.09279785
TCGA-AC-A3YI,0.242119503
TCGA-D8-A1JN,-0.050889502
TCGA-A8-A06X,-0.057170328
TCGA-EW-A1PF,-0.135102932
TCGA-BH-A1F0,0.427393196
TCGA-AC-A2QI,0.063862845
TCGA-BH-A28Q,-0.132009905
TCGA-E2-A1BC,-0.117305332
TCGA-E9-A1R5,-0.216821702
TCGA-BH-A0BG,0.327052311
TCGA-E9-A1R6,-0.332841072
TCGA-BH-A1EO,0.247781956
TCGA-E2-A15P,-0.154536091
TCGA-AC-A3BB,0.197500355
TCGA-C8-A12Q,-0.018947174
TCGA-BH-AB28,0.049460705
TCGA-A8-A07S,-0.128744918
TCGA-BH-A0DD,-0.046056383
TCGA-E9-A22D,0.374906003
TCGA-BH-A0AU,-0.073769668
TCGA-E9-A247,-0.363486637
TCGA-A2-A0T7,-0.182876502
TCGA-AO-A0J8,0.151363368
TCGA-PL-A8LZ,0.346522501
TCGA-BH-A209,0.355256496
TCGA-BH-A0EB,0.192057436
TCGA-EW-A1P1,0.286467868
TCGA-D8-A1XK,0.257037979
TCGA-AR-A24L,-0.281367245
TCGA-AC-A8OR,-0.141795281
TCGA-B6-A40C,-0.049742231
TCGA-A8-A08T,-0.206546474
TCGA-BH-A18R,-0.134485997
TCGA-BH-A1F5,-0.231767984
TCGA-E2-A1AZ,0.213205593
TCGA-5L-AAT1,0.178717775
TCGA-BH-A0DZ,0.045395004
TCGA-OK-A5Q2,0.187457294
TCGA-A8-A093,-0.23549645
TCGA-A2-A0CS,-0.043406095
TCGA-E9-A295,-0.194836122
TCGA-A8-A09X,0.281952652
TCGA-OL-A5RU,0.20421734
TCGA-AO-A0JI,-0.261271082
TCGA-A2-A0T2,-0.074393998
TCGA-AN-A0XS,0.142077528
TCGA-B6-A1KC,-0.259714586
TCGA-E9-A1R0,-0.080493959
TCGA-A8-A09Z,0.241134571
TCGA-C8-A1HM,0.354788615
TCGA-A2-A1G6,-0.083979122
TCGA-A8-A0A9,-0.033512932
TCGA-A7-A6VY,0.17858345
TCGA-A2-A0YE,-0.221446012
TCGA-E2-A14X,0.158459033
TCGA-OL-A5D7,0.191973348
TCGA-BH-A0AW,0.27476177
TCGA-BH-A0W4,-0.292549137
TCGA-XX-A899,0.255175959
TCGA-E9-A1RA,-0.09204565
TCGA-E9-A1NI,-0.200943782
TCGA-BH-A0EA,-0.083634494
TCGA-LL-A5YP,0.08378165
TCGA-BH-A0DL,0.266040779
TCGA-AC-A7VB,-0.382180698
TCGA-GM-A3NW,-0.263861913
TCGA-A7-A26G,0.174216436
TCGA-B6-A0I8,-0.302697318
TCGA-C8-A12W,-0.001054704
TCGA-D8-A1XS,-0.065057371
TCGA-B6-A0RQ,-0.299150907
TCGA-BH-A1FB,0.307698092
TCGA-AR-A2LN,0.095786856
TCGA-B6-A0RM,-0.344069552
TCGA-AC-A4ZE,-0.29248072
TCGA-D8-A142,-0.003479122
TCGA-A2-A4S0,-0.282026702
TCGA-AO-A12H,-0.277733639
TCGA-C8-A1HE,-0.027959448
TCGA-BH-A1ET,-0.076021242
TCGA-A8-A094,0.224321547
TCGA-AR-A2LO,0.260482435
TCGA-A2-A0T0,-0.054007367
TCGA-A2-A1FZ,0.195160722
TCGA-D8-A1JI,-0.302586767
TCGA-E2-A15F,-0.065152778
TCGA-A2-A0D3,-0.002832825
TCGA-A2-A0YC,0.033941482
TCGA-BH-A0B9,0.155186178
TCGA-BH-A0H5,0.410280207
TCGA-E2-A2P6,-0.203511237
TCGA-A2-A0ST,0.475480216
TCGA-D8-A73W,0.097909639
TCGA-E9-A1NE,0.408009908
TCGA-C8-A12P,-0.141166465
TCGA-C8-A134,-0.113090411
TCGA-E2-A1LI,0.148243519
TCGA-A1-A0SN,0.213069606
TCGA-AC-A62Y,0.17575864
TCGA-AO-A0JJ,0.21890177
TCGA-BH-A1FD,-0.11127426
TCGA-AN-A0FL,-0.236745842
TCGA-D8-A1JF,0.049678283
TCGA-A8-A08S,-0.131659101
TCGA-C8-A274,-0.129266196
TCGA-D8-A3Z6,-0.216991716
TCGA-AO-A03O,0.194605736
TCGA-C8-A8HQ,0.060414776
TCGA-E2-A155,-0.301129957
TCGA-AC-A5EH,0.018947776
TCGA-S3-AA17,0.36196359
TCGA-GM-A3XL,0.111991015
TCGA-AO-A12A,0.015504372
TCGA-D8-A1JU,0.008674184
TCGA-BH-A0HO,0.032464013
TCGA-A8-A0AB,-0.159848426
TCGA-AR-A0TQ,0.127405454
TCGA-B6-A0RG,-0.270429216
TCGA-B6-A0WW,-0.18961006
TCGA-BH-A0GY,0.043251292
TCGA-AR-A24H,-0.059171939
TCGA-E2-A14R,0.133160357
TCGA-AO-A0J5,-0.164321745
TCGA-A2-A0D1,-0.337340773
TCGA-B6-A0RN,-0.301343935
TCGA-AC-A6IX,-0.049849495
TCGA-AC-A3QQ,0.102793739
TCGA-BH-A0E9,-0.051023907
TCGA-LD-A7W5,0.175665356
TCGA-AR-A24V,-0.003603409
TCGA-A8-A08C,-0.207988422
TCGA-AO-A1KT,-0.111648009
TCGA-LL-A73Y,0.018192656
TCGA-B6-A0RH,-0.081424264
TCGA-A7-A0DC,-0.398577376
TCGA-A8-A082,-0.029134014
TCGA-EW-A1J5,0.343555931
TCGA-BH-A0BC,0.082001498
TCGA-BH-A0HX,-0.279408835
TCGA-BH-A0HQ,-0.109422763
TCGA-A8-A08O,-0.329772295
TCGA-A7-A5ZX,-0.322267858
TCGA-A8-A08G,-0.131272859
TCGA-E9-A1N8,-0.195437249
TCGA-OL-A6VO,0.002878921
TCGA-A8-A07Z,0.096383691
TCGA-BH-A18T,-0.022742576
TCGA-A1-A0SI,0.186169473
TCGA-BH-A42T,0.06019345
TCGA-AR-A0U2,-0.092875304
TCGA-A2-A0SY,0.269293344
TCGA-E9-A1N4,0.14694805
TCGA-AC-A6IV,0.097437763
TCGA-D8-A3Z5,-0.225189235
TCGA-BH-A1F8,-0.095023335
TCGA-AN-A0FF,0.185274105
TCGA-AR-A0TU,0.001093202
TCGA-A8-A08L,0.074286004
TCGA-A2-A1FX,-0.172087779
TCGA-A8-A06N,-0.297524307
TCGA-A2-A0EN,0.425347079
TCGA-MS-A51U,-0.058396357
TCGA-OL-A5D8,-0.005432377
TCGA-EW-A1P0,-0.10511652
TCGA-AO-A0JF,0.214900841
TCGA-BH-A0BF,0.370090222
TCGA-E2-A14Q,-0.211920839
TCGA-PL-A8LV,0.033771213
TCGA-BH-A1F6,0.220576901
TCGA-AN-A03X,-0.074885813
TCGA-E2-A152,-0.043721072
TCGA-A2-A0D0,0.173363129
TCGA-AR-A24P,-0.001257621
TCGA-A8-A09G,0.146980209
TCGA-C8-A1HN,-0.201825235
TCGA-AN-A0AR,-0.279297452
TCGA-BH-A0DE,0.233557864
TCGA-A8-A075,0.211189964
TCGA-A2-A4RW,-0.181907114
TCGA-A8-A076,-0.12842684
TCGA-A1-A0SM,-0.07823246
TCGA-B6-A408,0.038542177
TCGA-AR-A5QM,0.128136677
TCGA-BH-A0E1,-0.28115419
TCGA-A2-A0ES,0.041793937
TCGA-B6-A0RU,-0.232515013
TCGA-E9-A249,-0.073097932
TCGA-D8-A1XZ,-0.021784783
TCGA-A2-A0CX,0.115709681
TCGA-D8-A27W,-0.101642228
TCGA-A2-A0YI,0.361164319
TCGA-A1-A0SB,-0.319215326
TCGA-A2-A3KD,-0.019335911
TCGA-B6-A1KI,-0.285265453
TCGA-BH-A0DH,-0.072804055
TCGA-S3-A6ZG,-0.136122083
TCGA-AO-A0J6,0.088025272
TCGA-E9-A1RC,-0.256291677
TCGA-AC-A3W5,0.205377407
TCGA-A2-A0ER,0.050799735
TCGA-EW-A1PA,-0.046666537
TCGA-A8-A07W,-0.065598869
TCGA-AR-A24X,-0.068570751
TCGA-C8-A137,-0.223356823
TCGA-A2-A0T3,-0.241016475
TCGA-E2-A1B1,0.202172144
TCGA-BH-A0BS,-0.151401297
TCGA-3C-AALJ,-0.020530444
TCGA-D8-A1XJ,-0.199536857
TCGA-E9-A1R3,0.001632811
TCGA-A2-A0CO,0.220622936
TCGA-EW-A2FR,-0.225510099
TCGA-AN-A0XV,-0.071633312
TCGA-AO-A0J4,0.191565713
TCGA-E2-A573,0.28838004
TCGA-E9-A1NF,-0.078613713
TCGA-PE-A5DE,0.434344022
TCGA-BH-A18J,-0.196516296
TCGA-A2-A0EX,-0.137053807
TCGA-EW-A1OY,-0.145556548
TCGA-EW-A2FV,0.037884529
TCGA-D8-A1XA,-0.106958194
TCGA-E9-A2JS,-0.32939405
TCGA-A7-A5ZW,-0.118816778
TCGA-D8-A13Z,0.104903689
TCGA-E2-A154,-0.208170361
TCGA-D8-A146,-0.127435531
TCGA-BH-A8G0,0.106645863
TCGA-E2-A14T,-0.161639657
TCGA-D8-A143,-0.007744569
TCGA-A7-A13G,-0.140523751
TCGA-A8-A07U,0.42917513
TCGA-AN-A03Y,0.019182115
TCGA-AQ-A04H,-0.163886011
TCGA-OL-A97C,-0.02206169
TCGA-E9-A1NG,0.131645249
TCGA-C8-A12L,0.158708603
TCGA-AO-A03U,0.322780702
TCGA-AR-A0U4,0.271104302
TCGA-E9-A227,0.116623072
TCGA-E9-A22E,0.004146839
TCGA-BH-A0DQ,-0.134155534
TCGA-D8-A27I,0.188270543
TCGA-AO-A12D,0.384986298
TCGA-E2-A2P5,-0.195284762
TCGA-A2-A0CW,0.007817201
TCGA-EW-A1P3,-0.062139886
TCGA-A2-A0T6,0.273920999
TCGA-A2-A25B,0.165569594
TCGA-A8-A0A6,0.39938156
TCGA-A2-A3XT,0.146586689
TCGA-AN-A0FZ,-0.321482754
TCGA-JL-A3YX,-0.299332134
TCGA-B6-A0IJ,0.378391792
TCGA-E2-A10E,-9.47E-05
TCGA-C8-A26Y,-0.073498111
TCGA-EW-A1J1,0.054200988
TCGA-AR-A0TP,-0.247095491
TCGA-E2-A3DX,0.283683187
TCGA-B6-A0WY,-0.142623715
TCGA-A8-A09R,0.17297621
TCGA-EW-A1PG,0.129343617
TCGA-A7-A4SD,0.253034045
TCGA-BH-A0H0,-0.172262873
TCGA-AO-A03M,0.31136176
TCGA-A2-A4RX,0.135784625
TCGA-D8-A1XB,-0.234260591
TCGA-EW-A1PB,0.324832539
TCGA-AQ-A1H2,-0.179282435
TCGA-D8-A27H,-0.103479452
TCGA-AC-A3W7,-0.202681276
TCGA-BH-A0H6,-0.360243765
TCGA-AN-A0XW,0.281328981
TCGA-E2-A15K,0.246956582
TCGA-EW-A424,-0.288170007
TCGA-E9-A226,-0.120371998
TCGA-A8-A07O,0.138594266
TCGA-AO-A1KS,-0.056641957
TCGA-A8-A0A7,0.329702438
TCGA-D8-A27E,-0.01458739
TCGA-A2-A0T4,0.128055177
TCGA-A8-A099,-0.143672654
TCGA-E2-A108,0.435413474
TCGA-C8-A133,-0.229061364
TCGA-E2-A14P,0.016858703
TCGA-D8-A1XD,-0.381793018
TCGA-B6-A0RP,-0.097788028
TCGA-EW-A1PH,-0.218549762
TCGA-E2-A15L,-0.254665487
TCGA-B6-A0IG,-0.225792658
TCGA-A8-A0A2,0.021350118
TCGA-B6-A0IH,0.031421262
TCGA-BH-A1FH,-0.166233098
TCGA-AR-A2LR,-0.258282507
TCGA-LD-A9QF,0.257933478
TCGA-BH-A1FM,-0.085003988
TCGA-AO-A128,0.387349727
TCGA-BH-A18F,0.275306471
TCGA-D8-A1XV,-0.239196931
TCGA-EW-A1OZ,-0.025023787
TCGA-BH-A0W3,-0.078989834
TCGA-BH-A1EN,-0.271011956
TCGA-EW-A1IW,-0.085357151
TCGA-A2-A3XY,0.09664997
TCGA-BH-A1EV,-0.272312606
TCGA-A7-A0D9,-0.405256465
TCGA-AC-A3EH,-0.04141045
TCGA-AN-A04A,-0.172148855
TCGA-Z7-A8R6,-0.145282749
TCGA-AO-A129,0.213431423
TCGA-AR-A1AI,0.361299301
TCGA-E9-A1N9,-0.103409299
TCGA-AN-A0FN,0.277251652
TCGA-B6-A0RI,-0.031481633
TCGA-E2-A1IO,-0.00409458
TCGA-AR-A0TV,0.104090389
TCGA-D8-A27M,0.338099966
TCGA-BH-A0BL,0.323378918
TCGA-EW-A1P6,-0.261196366
TCGA-AN-A0XU,0.023107606
TCGA-AR-A1AP,0.123769199
TCGA-A2-A0YJ,-0.238185266
TCGA-A7-A426,-0.227767472
TCGA-AR-A1AT,0.336325627
TCGA-E2-A1IN,-0.284726161
TCGA-BH-A0AV,0.087713236
TCGA-LD-A74U,0.041005132
TCGA-D8-A1X8,0.097762208
TCGA-AN-A0FD,-0.159740317
TCGA-BH-A0E0,-0.162153762
TCGA-BH-A18N,-0.326374214
TCGA-A2-A0CU,-0.274195771
TCGA-EW-A1IY,0.266296133
TCGA-E9-A2JT,0.381635219
TCGA-AC-A2BK,-0.296416142
TCGA-E2-A15D,-0.158898466
TCGA-BH-A6R9,0.241635261
TCGA-A2-A0D2,0.1507679
TCGA-AC-A62X,-0.215790754
TCGA-A8-A09C,-0.3433117
TCGA-BH-A0BV,0.174846682
TCGA-BH-A0W7,0.153660021
TCGA-B6-A0IB,-0.287626224
TCGA-E2-A1L6,-0.133543991
TCGA-AN-A0G0,-0.037319724
TCGA-C8-A26X,0.358331882
TCGA-BH-A0H7,-0.277462456
TCGA-A7-A3IY,0.152600564
TCGA-AR-A2LH,0.314463636
TCGA-E2-A107,-0.181720932
TCGA-E9-A244,-0.157758671
TCGA-AR-A5QN,-0.030528588
TCGA-AC-A6IW,0.183759609
TCGA-GI-A2C9,-0.027149763
TCGA-A8-A06R,-0.123008485
TCGA-W8-A86G,-0.261253317
TCGA-GM-A3XN,0.010467447
TCGA-4H-AAAK,-0.184924803
TCGA-EW-A3U0,0.319577655
TCGA-AC-A2FO,0.231708871
TCGA-E2-A1IG,-0.234174884
TCGA-S3-AA12,-0.286656345
TCGA-B6-A0WV,-0.288205589
TCGA-A7-A4SF,-0.255354916
TCGA-D8-A1XY,-0.158453513
TCGA-A7-A13D,-0.11479767
TCGA-A1-A0SF,-0.047295257
TCGA-E2-A1IU,-0.117052374
TCGA-E2-A158,-0.330737044
TCGA-E2-A14V,-0.253869042
TCGA-AC-A3OD,0.327826776
TCGA-AR-A0TY,-0.305953184
TCGA-AR-A24W,-0.146489624
TCGA-E2-A15T,-0.36405956
TCGA-A7-A425,-0.028843118
TCGA-AQ-A0Y5,-0.141223384
TCGA-AC-A8OQ,0.092382578
TCGA-BH-A0BR,0.216722863
TCGA-BH-A0HI,-0.043791853
TCGA-GM-A2DM,0.026197085
TCGA-A2-A1G0,0.028922968
TCGA-AQ-A04J,0.265053681
TCGA-AN-A0AK,-0.138839029
TCGA-A8-A06O,-0.090955862
TCGA-D8-A1XG,-0.096336219
TCGA-B6-A402,-0.339906
TCGA-GM-A2DI,0.389333549
TCGA-EW-A1IX,-0.185622107
TCGA-A8-A095,-0.045112399
TCGA-A8-A06Z,-0.307475007
TCGA-A1-A0SD,-0.093780102
TCGA-A7-A0CG,0.330131931
TCGA-A2-A25E,-0.195355001
TCGA-A7-A13F,-0.094271831
TCGA-A8-A07C,0.059759399
TCGA-D8-A1JH,0.126194875
TCGA-A2-A04N,-0.291817816
TCGA-LL-A442,-0.167158587
TCGA-C8-A130,-0.234645874
TCGA-JL-A3YW,0.244523199
TCGA-BH-A0AY,0.227319953
TCGA-A2-A0EY,0.064524175
TCGA-AQ-A7U7,0.309181848
TCGA-BH-A208,-0.04890122
TCGA-OL-A5RY,0.24548472
TCGA-B6-A40B,-0.092098226
TCGA-BH-A42V,-0.156313996
TCGA-E2-A105,-0.409975754
TCGA-BH-A0BZ,0.24518426
TCGA-AC-A2FK,-0.014944998
TCGA-A8-A06P,-0.220714012
TCGA-B6-A0IP,0.032084144
TCGA-D8-A27F,-0.142763808
TCGA-AN-A0FX,-0.212142551
TCGA-PE-A5DD,-0.036869291
TCGA-AN-A0XN,0.246529622
TCGA-E9-A1NA,-0.030374865
TCGA-AC-A2FB,0.453041751
TCGA-LL-A73Z,-0.024486718
TCGA-A7-A26F,0.167945516
TCGA-AC-A23E,0.034337121
TCGA-A2-A1FW,-0.139232538
TCGA-EW-A6SC,-0.015614831
TCGA-AR-A5QP,-0.205775819
TCGA-D8-A1XC,-0.239771306
TCGA-EW-A1P5,0.207124427
TCGA-BH-A0RX,0.34017361
TCGA-A7-A13E,-0.272839362
TCGA-A2-A0T5,-0.113512806
TCGA-C8-A273,-0.273167745
TCGA-AR-A1AV,-0.100040202
TCGA-A7-A6VX,-0.163205559
TCGA-AR-A24N,-0.080293471
TCGA-AN-A0FS,-0.238636929
TCGA-C8-A8HP,0.208429094
TCGA-C8-A278,0.313444971
TCGA-EW-A1P8,0.166607255
TCGA-AR-A1AL,0.100780625
TCGA-A2-A0SV,0.043158776
TCGA-A8-A084,-0.11815432
TCGA-D8-A1JK,0.225541598
TCGA-E2-A1LL,-0.103921924
TCGA-A8-A09V,-0.291097234
TCGA-EW-A1OV,0.32825995
TCGA-B6-A0IO,-0.178055759
TCGA-A2-A25A,-0.038961111
TCGA-E2-A1IK,0.05661193
TCGA-B6-A0RL,-0.38653531
TCGA-A2-A0CV,0.067007902
TCGA-B6-A0X7,-0.325081853
TCGA-BH-A1FR,-0.016396685
TCGA-E9-A1R7,-0.295639819
TCGA-E9-A24A,0.114077005
TCGA-D8-A1JS,-0.323125213
TCGA-BH-A0AZ,-0.010813744
TCGA-BH-A0DK,0.232334079
TCGA-5L-AAT0,0.145458287
TCGA-D8-A1JP,-0.045702995
TCGA-BH-A1FG,-0.209681226
TCGA-AC-A7VC,-0.179734943
TCGA-D8-A1X6,-0.074273542
TCGA-D8-A1JD,-0.025226939
TCGA-B6-A1KF,-0.22373099
TCGA-A2-A0YF,0.00688781
TCGA-B6-A0RS,0.221090743
TCGA-BH-A0HL,-0.41270705
TCGA-E2-A15R,-0.349693695
TCGA-C8-A3M8,-0.282129161
TCGA-C8-A26W,0.098184368
TCGA-AN-A0XT,-0.306587954
TCGA-BH-A1EW,0.329178262
TCGA-AQ-A1H3,0.198157117
TCGA-C8-A1HI,-0.26127045
TCGA-BH-A0H3,0.051411102
TCGA-A8-A07B,-0.048509891
TCGA-BH-A0B8,-0.198798352
TCGA-E9-A248,0.34176233
TCGA-AC-A23G,0.035542203
TCGA-E9-A243,0.39976156
TCGA-AO-A0JA,0.193479336
TCGA-D8-A147,0.124745804
TCGA-B6-A0RO,-0.25188942
TCGA-A2-A0YG,-0.141770734
TCGA-E9-A1RF,0.210281921
TCGA-B6-A0X0,-0.128179178
TCGA-C8-A275,0.391746527
TCGA-BH-A18S,-0.226166279
TCGA-AR-A0U3,0.069745865
TCGA-A7-A0CE,-0.12608562
TCGA-BH-A1FE,0.273435727
TCGA-EW-A1PE,0.289846247
TCGA-AR-A24T,-0.025113469
TCGA-GM-A2DH,0.212179438
TCGA-B6-A0IM,-0.185292911
TCGA-BH-A0BP,-0.072055831
TCGA-AO-A12E,-0.093085172
TCGA-E2-A153,0.046367808
TCGA-B6-A0WX,-0.034582069
TCGA-EW-A1OW,0.036373897
TCGA-AR-A24K,-0.235948729
TCGA-A2-A0D4,-0.355600573
TCGA-BH-A0B4,-0.08058958
TCGA-BH-A0W5,0.185115097
TCGA-BH-A0E2,-0.140339038
TCGA-A7-A4SB,-0.30419834
TCGA-E9-A1N6,0.003706075
TCGA-BH-A0BQ,0.141765512
TCGA-AR-A250,0.119643271
TCGA-AR-A251,-0.085405278
TCGA-A8-A09M,0.121681538
TCGA-E2-A159,0.334906923
TCGA-A2-A0CL,0.374805331
TCGA-BH-A18H,0.41082362
TCGA-EW-A6S9,-0.321043551
TCGA-E9-A22H,0.01933344
TCGA-AC-A2FG,-0.26780209
TCGA-A2-A04Q,0.403087223
TCGA-C8-A1HF,0.193984699
TCGA-AO-A0JE,0.271198418
TCGA-A8-A09K,0.044871817
TCGA-A2-A4RY,-0.071381922
TCGA-BH-A0DI,0.165037436
TCGA-OL-A66I,0.301750468
TCGA-A8-A09Q,0.29303555
TCGA-E2-A1IE,-0.409769538
TCGA-C8-A26Z,-0.299954255
TCGA-A2-A0YM,0.142124849
TCGA-BH-A0C0,0.359374994
TCGA-A2-A0YH,0.275614586
TCGA-E2-A15C,-0.125353706
TCGA-A2-A0EU,-0.220253944
TCGA-D8-A1JM,-0.010862564
TCGA-D8-A1J8,0.371548107
TCGA-A2-A0EP,0.389321527
TCGA-D8-A1XR,-0.216542322
TCGA-BH-A204,-0.228087167
TCGA-E9-A1RG,-0.149184989
TCGA-D8-A27K,0.145502685
TCGA-B6-A0X5,-0.307553782
TCGA-E9-A5UO,-0.365921062
TCGA-AR-A24O,0.238012953
TCGA-EW-A1P4,0.217400174
TCGA-A2-A3XZ,0.197280771
TCGA-E2-A10B,-0.029498183
TCGA-AN-A0AM,0.130625833
TCGA-A2-A4S2,0.231907884
TCGA-B6-A2IU,-0.165873981
TCGA-A7-A0CH,-0.208719653
TCGA-E9-A22G,-0.079377533
TCGA-E2-A15O,-0.348641945
TCGA-S3-A6ZF,0.112535674
TCGA-E2-A1IJ,0.181313177
TCGA-A8-A07J,0.235044688
TCGA-E9-A1RE,-0.318000899
TCGA-A8-A08A,-0.110095131
TCGA-AR-A255,0.197318401
TCGA-A2-A0CP,-0.206799969
TCGA-AO-A12C,-0.291048097
TCGA-A2-A0CT,-0.33800031
TCGA-A2-A25D,0.369163139
TCGA-LL-A5YO,0.366369249
TCGA-A8-A09I,0.258158083
TCGA-AR-A24Q,0.008546558
TCGA-D8-A1XQ,0.167478334
TCGA-AN-A0AS,0.106799282
TCGA-D8-A27G,0.218463631
TCGA-AR-A1AX,0.338726417
TCGA-BH-A18V,0.197771679
TCGA-AR-A0TT,0.456404373
TCGA-BH-A18M,0.004686848
TCGA-A7-A26E,-0.034831129
TCGA-AR-A24U,0.358568908
TCGA-AR-A1AH,-0.257550697
TCGA-A8-A07L,-0.292673121
TCGA-BH-A18L,-0.268928874
TCGA-E2-A1LE,0.128120054
TCGA-A7-A26H,0.083521138
TCGA-C8-A8HR,0.065813966
TCGA-OL-A66J,-0.111940047
TCGA-AC-A8OS,0.116022118
TCGA-BH-A1EU,0.333678683
TCGA-S3-AA15,0.326381543
TCGA-B6-A1KN,-0.004454148
TCGA-A8-A08F,0.221467543
TCGA-A8-A06T,-0.096835056
TCGA-AR-A2LK,-0.18868774
TCGA-LL-A441,0.169874801
TCGA-AR-A0U0,0.240620659
TCGA-D8-A1XF,-0.1548991
TCGA-A8-A09E,-0.123469722
TCGA-A7-A26J,-0.060683285
TCGA-A8-A08I,0.388097756
TCGA-5T-A9QA,-0.268272108
TCGA-AO-A0JM,-0.038276402
TCGA-E2-A1LG,-0.101950141
TCGA-AO-A0JC,0.39858551
TCGA-B6-A401,-0.064156777
TCGA-LL-A7T0,-0.266405455
TCGA-AR-A1AN,-0.035917809
TCGA-C8-A26V,-0.134956233
TCGA-A2-A0EM,-0.129508166
TCGA-BH-A0B7,0.259221058
TCGA-A7-A5ZV,-0.158644127
TCGA-OL-A6VR,-0.431845241
TCGA-BH-A0H9,-0.270088033
TCGA-C8-A12X,-0.021670932
TCGA-E2-A1LB,-0.308937394
TCGA-D8-A140,0.171765168
TCGA-C8-A3M7,-0.25965575
TCGA-E2-A15E,-0.251631077
TCGA-A2-A0EV,0.234204328
TCGA-E9-A1RD,-0.222642246
TCGA-D8-A27P,-0.214319602
TCGA-C8-A12T,-0.121900052
TCGA-S3-A6ZH,-0.118912504
TCGA-OL-A5RZ,-0.332492073
TCGA-S3-AA11,-0.299890996
TCGA-A2-A3XX,-0.150650326
TCGA-AR-A2LE,-0.08394347
TCGA-A2-A0SW,0.186603649
TCGA-AR-A256,-0.021449676
TCGA-BH-A6R8,-0.052355396
TCGA-A8-A06Y,-0.193754243
TCGA-AC-A2FE,0.354846379
TCGA-AR-A1AQ,0.363442444
TCGA-D8-A1Y1,-0.21637401
TCGA-EW-A1PD,-0.2723731
TCGA-BH-A0HW,-0.437233095
TCGA-GI-A2C8,0.130887302
TCGA-A8-A09D,-0.005744677
TCGA-C8-A12V,0.408062001
TCGA-AO-A12G,-0.168471825
TCGA-BH-A1F2,-0.05976151
TCGA-AR-A1AO,0.414140933
TCGA-D8-A1X9,-0.011588591
TCGA-E2-A15J,-0.064619711
TCGA-AC-A23C,0.110917312
TCGA-E9-A1QZ,0.319225383
TCGA-BH-A0HP,0.127179518
TCGA-A2-A0EQ,0.377037504
TCGA-AR-A1AM,-0.133436208
TCGA-E9-A1NH,-0.093246729
TCGA-A8-A07R,-0.093518834
TCGA-A2-A3Y0,0.137696025
TCGA-GM-A2DF,0.168090278
TCGA-E2-A150,0.195113446
TCGA-A8-A06Q,-0.193608463
TCGA-A8-A09B,-0.268925347
TCGA-HN-A2OB,-0.21867772
TCGA-AN-A0AJ,0.279408552
TCGA-A7-A3J1,0.239873665
TCGA-E2-A106,-0.337728575
TCGA-PL-A8LX,-0.243722866
TCGA-C8-A12O,-0.004625689
TCGA-C8-A1HK,-0.063853986
TCGA-B6-A0IK,0.042710342
TCGA-BH-A0BD,0.348259665
TCGA-D8-A1XU,-0.069946438
TCGA-E2-A15G,-0.168270223
TCGA-D8-A1JB,0.227922232
TCGA-EW-A1J2,0.050944814
TCGA-A2-A0ET,0.002795387
TCGA-A2-A3XW,-0.068693759
TCGA-D8-A27R,-0.048402866
TCGA-AO-A1KO,-0.157223613
TCGA-EW-A6SD,0.162045828
TCGA-BH-A18P,0.052705014
TCGA-A8-A08R,0.195895921
TCGA-AO-A0JD,0.135833397
TCGA-AR-A2LL,-0.082660011
TCGA-D8-A27V,0.033716747
TCGA-BH-A0BO,0.274593351
TCGA-BH-A0DV,0.05368397
TCGA-A8-A08Z,0.225044507
TCGA-D8-A13Y,-0.461297667
TCGA-BH-A0C3,0.159097503
TCGA-D8-A145,-0.222940051
TCGA-A2-A1G1,0.233291689
TCGA-A1-A0SP,0.196404724
TCGA-E9-A1RI,-0.213478041
TCGA-AN-A04D,-0.368082647
TCGA-A8-A0AD,-0.033143373
TCGA-A2-A0YK,0.34639007
TCGA-AN-A0FV,-0.243238982
TCGA-A2-A25F,0.411028769
TCGA-A8-A07E,0.11742827
TCGA-A8-A079,-0.224844691
TCGA-BH-A0E7,-0.29756436
TCGA-A1-A0SQ,-0.108941832
TCGA-BH-A1ES,-0.092992358
TCGA-A7-A0CJ,-0.138947737
TCGA-D8-A73U,0.37490426
TCGA-BH-A1FC,0.219635858
TCGA-A2-A04V,-0.171901995
TCGA-BH-A0HY,-0.28177359
TCGA-A8-A08H,0.326651113
TCGA-AR-A2LQ,-0.000858565
TCGA-HN-A2NL,-0.201876551
TCGA-A2-A0CM,0.344070825
TCGA-A8-A083,-0.243138554
TCGA-BH-A0DG,0.209064649
TCGA-A7-A4SC,-0.028045741
TCGA-S3-AA10,0.362635534
TCGA-BH-A0DT,0.119192198
TCGA-AO-A12B,-0.297975738
TCGA-E2-A10F,0.275958175
TCGA-A2-A1FV,-0.176821545
TCGA-EW-A1OX,-0.267698188
TCGA-B6-A0WZ,-0.257420069
TCGA-B6-A0I6,-0.084403583
TCGA-E9-A245,-0.202299937
TCGA-C8-A12N,-0.143520126
TCGA-BH-A0HU,-0.2817841
TCGA-BH-A0B1,-0.176699091
TCGA-D8-A1JC,-0.028164845
TCGA-E2-A15H,-0.245735149
TCGA-BH-A0C1,0.28920188
TCGA-E2-A14Y,-0.020832673
TCGA-A2-A0YD,0.323133426
TCGA-E2-A10A,-0.185590892
TCGA-AO-A0JG,0.03430239
TCGA-D8-A27L,-0.035352037
TCGA-BH-A18Q,0.074286176
TCGA-OL-A6VQ,0.064123649
TCGA-E9-A1R2,-0.135442338
TCGA-A2-A04T,0.237285179
TCGA-BH-A18U,-0.040918385
TCGA-AN-A0XP,-0.102300173
TCGA-BH-A1FU,0.166812537
TCGA-A8-A097,-0.162338963
TCGA-GM-A2DL,-0.046951238
TCGA-LD-A7W6,-0.168109945
TCGA-AC-A2BM,0.041161506
TCGA-EW-A3E8,0.150889318
TCGA-BH-A0DS,0.097307165
TCGA-A2-A3XS,-0.03469055
TCGA-A8-A0A1,0.374060305
TCGA-BH-A8FZ,0.315252144
TCGA-BH-A0B6,0.397506972
TCGA-BH-A0HK,0.01589354
TCGA-BH-A0B3,0.241768288
TCGA-BH-A0C7,-0.143978928
TCGA-A7-A0DA,-0.204644972
TCGA-B6-A0IQ,-0.160986309
TCGA-AN-A0FW,-0.233802058
TCGA-BH-A1EY,0.206787847
TCGA-BH-A0BA,0.058274161
TCGA-AC-A2FM,-0.338188253
TCGA-AO-A12F,-0.233860047
TCGA-AR-A0TS,0.262733294
TCGA-A1-A0SJ,-0.18707956
TCGA-E9-A3QA,0.31985915
TCGA-S3-AA14,-0.231560648
TCGA-BH-A0B5,0.142460182
TCGA-A8-A096,0.338533248
TCGA-EW-A6SA,-0.361667609
TCGA-E2-A15S,-0.389365872
TCGA-AC-A8OP,-0.156199288
TCGA-A2-A25C,-0.013730791
TCGA-AN-A0FK,-0.104017379
TCGA-AN-A049,0.039143644
TCGA-D8-A27T,0.334122362
TCGA-D8-A73X,-0.224379436
TCGA-C8-A132,0.258700702
TCGA-E9-A229,0.033421522
TCGA-A8-A08P,0.302864247
TCGA-A8-A09W,-0.097440189
TCGA-E2-A14U,-0.359123784
TCGA-D8-A1XM,0.248426215