,Proliferative
TCGA-C8-A27A,0.354798003
TCGA-AR-A0TW,0.01738378
TCGA-A1-A0SH,-0.329543415
TCGA-A2-A0EW,-0.381956787
TCGA-GM-A2DN,-0.15113517
TCGA-BH-A1FL,0.154683673
TCGA-C8-A1HO,0.139929259
TCGA-OL-A5RX,-0.42462091
TCGA-A8-A09T,-0.357847538
TCGA-AR-A24Z,0.319980788
TCGA-A7-A26I,0.256733571
TCGA-AC-A5XU,-0.082643085
TCGA-BH-A1FN,0.139952076
TCGA-C8-A12K,0.301857777
TCGA-D8-A1XW,-0.081235074
TCGA-E2-A14Z,-0.08664744
TCGA-AN-A0AT,0.346854407
TCGA-3C-AALI,-0.077509601
TCGA-AC-A3HN,-0.210423341
TCGA-AR-A1AW,0.07906189
TCGA-B6-A3ZX,-0.011053041
TCGA-LL-A740,-0.252030272
TCGA-E9-A1NC,-0.226367664
TCGA-OL-A5D6,-0.419400524
TCGA-C8-A1HG,-0.116130521
TCGA-BH-A0B0,-0.413394134
TCGA-E2-A15M,0.28862145
TCGA-AO-A0J7,0.218238326
TCGA-AR-A252,-0.034150505
TCGA-E2-A15I,-0.285909527
TCGA-AR-A0TX,-0.044000994
TCGA-A7-A3IZ,0.090102604
TCGA-B6-A0X4,-0.415567629
TCGA-E9-A1N5,-0.291699282
TCGA-AR-A2LM,-0.259524181
TCGA-AR-A1AU,-0.126314818
TCGA-E2-A156,-0.379927478
TCGA-B6-A0WT,-0.31188682
TCGA-D8-A1J9,0.138328047
TCGA-E2-A1B0,0.399915598
TCGA-AC-A2QH,0.120888457
TCGA-AR-A5QQ,0.081096028
TCGA-BH-A28O,-0.433279744
TCGA-D8-A27N,-0.0119578
TCGA-B6-A0I9,0.278045808
TCGA-A2-A04R,0.286518883
TCGA-C8-A27B,0.404260981
TCGA-BH-A0BJ,-0.302226746
TCGA-AR-A1AS,0.026507353
TCGA-E9-A22B,-0.063403138
TCGA-A1-A0SK,0.35155498
TCGA-AR-A24M,0.082181296
TCGA-BH-A201,-0.005674215
TCGA-OL-A66H,-0.286077201
TCGA-D8-A1XO,-0.109402719
TCGA-AR-A1AR,0.380103609
TCGA-AO-A0J2,0.268628587
TCGA-E2-A1IL,-0.415491921
TCGA-C8-A135,0.067369011
TCGA-A2-A0CZ,-0.474055811
TCGA-BH-A1EX,0.016621179
TCGA-D8-A1X5,-0.19857504
TCGA-D8-A4Z1,-0.454706683
TCGA-D8-A1JG,0.315041099
TCGA-OL-A5DA,-0.332099782
TCGA-EW-A1P7,-0.337152837
TCGA-A2-A259,-0.256030447
TCGA-A7-A4SE,-0.056460992
TCGA-BH-A2L8,-0.301953449
TCGA-A8-A06U,0.114569132
TCGA-BH-A0BW,0.121949925
TCGA-BH-A0EI,-0.22410578
TCGA-D8-A1JE,0.108900663
TCGA-A8-A08J,0.088876596
TCGA-AO-A03L,0.305510761
TCGA-D8-A1Y0,0.288948461
TCGA-AR-A1AY,0.356513384
TCGA-A8-A09N,0.14322201
TCGA-E9-A1N3,0.059984016
TCGA-A1-A0SE,-0.001077032
TCGA-S3-AA0Z,0.295190664
TCGA-E2-A109,0.291900114
TCGA-A2-A0T1,-0.120426842
TCGA-D8-A1X7,0.146879827
TCGA-AN-A0XO,0.044517347
TCGA-A2-A0SU,-0.165255786
TCGA-AN-A0XL,-0.183569853
TCGA-B6-A0WS,-0.091792482
TCGA-A2-A0YT,0.362927842
TCGA-A8-A08B,-0.204992855
TCGA-A8-A07F,0.163920108
TCGA-A7-A3J0,-0.025171323
TCGA-AR-A254,0.252635031
TCGA-B6-A0RE,0.22497478
TCGA-AQ-A04L,-0.127883865
TCGA-A7-A2KD,0.216244156
TCGA-AN-A0FJ,0.056462579
TCGA-BH-A0DX,-0.157697647
TCGA-E9-A3Q9,-0.406331412
TCGA-E9-A228,0.354668917
TCGA-A8-A07I,0.130453213
TCGA-A8-A086,0.057364533
TCGA-AC-A3W6,-0.358169161
TCGA-BH-A203,0.237282351
TCGA-D8-A1JJ,0.315438073
TCGA-XX-A89A,-0.401248441
TCGA-B6-A0RT,0.184627154
TCGA-AO-A0J3,0.200552321
TCGA-OL-A66K,-0.359071929
TCGA-BH-A202,0.381891083
TCGA-A7-A4SA,-0.348792553
TCGA-E2-A14S,0.102883354
TCGA-E2-A1L9,-0.029028587
TCGA-A2-A0EO,-0.315068382
TCGA-AC-A2B8,-0.122819496
TCGA-A8-A085,0.23331477
TCGA-A2-A4S3,0.049476438
TCGA-C8-A12U,0.148309755
TCGA-D8-A1JA,0.095237033
TCGA-BH-A0DP,-0.402792324
TCGA-A1-A0SO,0.382076651
TCGA-E9-A1ND,-0.100175763
TCGA-E9-A22A,0.136122599
TCGA-AC-A2FF,-0.295673836
TCGA-BH-A0DO,-0.338933725
TCGA-D8-A1XT,0.274908383
TCGA-E2-A1BD,0.045656561
TCGA-AO-A03P,0.225677715
TCGA-E2-A15A,0.223644823
TCGA-A2-A04X,0.123992581
TCGA-B6-A0IC,0.134548161
TCGA-C8-A12Z,0.072297953
TCGA-AR-A1AJ,0.190191683
TCGA-A7-A6VV,0.189952422
TCGA-A7-A0DB,-0.363509234
TCGA-AC-A6NO,-0.140452979
TCGA-EW-A2FW,0.293232497
TCGA-E9-A1RH,0.338242113
TCGA-A8-A09A,-0.16968561
TCGA-A8-A091,0.008643013
TCGA-AC-A23H,0.315465376
TCGA-A7-A13H,-0.427956579
TCGA-B6-A400,0.214171742
TCGA-D8-A1Y2,-0.135942178
TCGA-LL-A440,-0.40266831
TCGA-D8-A141,-0.339241255
TCGA-E9-A1RB,0.415254494
TCGA-EW-A1PC,0.400183966
TCGA-A8-A081,0.239836913
TCGA-E2-A1II,0.11814742
TCGA-A7-A3RF,-0.301014908
TCGA-AO-A124,0.342521642
TCGA-BH-A1FJ,0.350789733
TCGA-AO-A03V,-0.205334022
TCGA-B6-A0X1,0.12876553
TCGA-BH-A0WA,0.261338234
TCGA-AR-A24S,0.187658074
TCGA-A8-A08X,-0.126512886
TCGA-A8-A07P,-0.10677934
TCGA-E9-A5UP,-0.352057293
TCGA-PE-A5DC,-0.050995276
TCGA-C8-A12M,-0.148657031
TCGA-BH-A0HF,-0.350537337
TCGA-AR-A1AK,-0.311254037
TCGA-A2-A0SX,0.219404203
TCGA-BH-A0HB,0.010465773
TCGA-3C-AAAU,0.037948537
TCGA-A2-A0YL,-0.085585754
TCGA-AN-A0FY,0.364348549
TCGA-AR-A0TZ,0.388190965
TCGA-A7-A0CD,0.081760776
TCGA-AN-A041,0.043668411
TCGA-A2-A3KC,-0.253951685
TCGA-BH-A0BT,-0.267638322
TCGA-A8-A07G,-0.282451927
TCGA-A8-A0A4,-0.273145051
TCGA-BH-A18K,-0.051131915
TCGA-AR-A24R,0.227532568
TCGA-BH-A5IZ,0.170793352
TCGA-D8-A1JL,0.249167206
TCGA-B6-A0RV,-0.187365085
TCGA-EW-A1IZ,-0.166583768
TCGA-A1-A0SG,-0.32484484
TCGA-AR-A0TR,-0.071702418
TCGA-E2-A1LK,-0.165949184
TCGA-E2-A1L7,0.242376192
TCGA-BH-A0B2,-0.438852688
TCGA-A2-A1G4,0.321461119
TCGA-AN-A0AL,0.109819396
TCGA-BH-A18I,0.14908666
TCGA-AN-A046,-0.234899376
TCGA-OL-A5RV,-0.367699951
TCGA-A8-A092,0.366904893
TCGA-LQ-A4E4,-0.111536913
TCGA-A8-A090,0.075138006
TCGA-A2-A04W,-0.300984684
TCGA-3C-AALK,-0.28957375
TCGA-AC-A3YI,-0.432079055
TCGA-D8-A1JN,-0.388584674
TCGA-A8-A06X,0.032880575
TCGA-EW-A1PF,-0.30614543
TCGA-BH-A1F0,0.242115092
TCGA-AC-A2QI,-0.389171705
TCGA-BH-A28Q,-0.0882212
TCGA-E2-A1BC,-0.434079161
TCGA-E9-A1R5,-0.153054996
TCGA-BH-A0BG,0.191661681
TCGA-E9-A1R6,-0.019368256
TCGA-BH-A1EO,-0.311645143
TCGA-E2-A15P,-0.184603055
TCGA-AC-A3BB,-0.413610105
TCGA-C8-A12Q,0.099144527
TCGA-BH-AB28,-0.279265819
TCGA-A8-A07S,0.143751285
TCGA-BH-A0DD,0.361876425
TCGA-E9-A22D,0.3036409
TCGA-BH-A0AU,-0.087042979
TCGA-E9-A247,0.158504266
TCGA-A2-A0T7,0.036661331
TCGA-AO-A0J8,-0.11477573
TCGA-PL-A8LZ,0.064180148
TCGA-BH-A209,0.333649392
TCGA-BH-A0EB,-0.303459725
TCGA-EW-A1P1,-0.370443713
TCGA-D8-A1XK,0.43422698
TCGA-AR-A24L,0.13378322
TCGA-AC-A8OR,-0.405636919
TCGA-B6-A40C,0.064896272
TCGA-A8-A08T,-0.209452
TCGA-BH-A18R,0.330491637
TCGA-BH-A1F5,-0.042801156
TCGA-E2-A1AZ,-0.003757945
TCGA-5L-AAT1,-0.503478342
TCGA-BH-A0DZ,-0.261410495
TCGA-OK-A5Q2,-0.181216709
TCGA-A8-A093,-0.143242467
TCGA-A2-A0CS,-0.370786302
TCGA-E9-A295,-0.393689271
TCGA-A8-A09X,0.093360816
TCGA-OL-A5RU,-0.426843717
TCGA-AO-A0JI,-0.086151782
TCGA-A2-A0T2,-0.246340735
TCGA-AN-A0XS,-0.275002767
TCGA-B6-A1KC,0.084346113
TCGA-E9-A1R0,-0.076738262
TCGA-A8-A09Z,-0.16973048
TCGA-C8-A1HM,0.27233957
TCGA-A2-A1G6,-0.309280775
TCGA-A8-A0A9,0.147308723
TCGA-A7-A6VY,0.142576793
TCGA-A2-A0YE,0.236172583
TCGA-E2-A14X,0.309837335
TCGA-OL-A5D7,0.138163469
TCGA-BH-A0AW,-0.257209404
TCGA-BH-A0W4,-0.067524038
TCGA-XX-A899,-0.347718309
TCGA-E9-A1RA,-0.322652735
TCGA-E9-A1NI,-0.205683542
TCGA-BH-A0EA,-0.476976617
TCGA-LL-A5YP,0.017343148
TCGA-BH-A0DL,0.235946589
TCGA-AC-A7VB,0.156785694
TCGA-GM-A3NW,-0.289419403
TCGA-A7-A26G,0.144964728
TCGA-B6-A0I8,-0.259479679
TCGA-C8-A12W,0.153476648
TCGA-D8-A1XS,0.287869221
TCGA-B6-A0RQ,-0.31681283
TCGA-BH-A1FB,-0.279976407
TCGA-AR-A2LN,-0.458905192
TCGA-B6-A0RM,0.015554763
TCGA-AC-A4ZE,-0.131826387
TCGA-D8-A142,0.20377201
TCGA-A2-A4S0,-0.42419552
TCGA-AO-A12H,-0.196793448
TCGA-C8-A1HE,0.026449027
TCGA-BH-A1ET,-0.128596353
TCGA-A8-A094,-0.104448212
TCGA-AR-A2LO,-0.34722358
TCGA-A2-A0T0,0.222926067
TCGA-A2-A1FZ,-0.294533646
TCGA-D8-A1JI,-0.301341019
TCGA-E2-A15F,-0.050484329
TCGA-A2-A0D3,-0.236828274
TCGA-A2-A0YC,0.042414693
TCGA-BH-A0B9,0.300885604
TCGA-BH-A0H5,-0.345885755
TCGA-E2-A2P6,-0.146015528
TCGA-A2-A0ST,0.002382807
TCGA-D8-A73W,-0.389216267
TCGA-E9-A1NE,0.200655128
TCGA-C8-A12P,0.106568395
TCGA-C8-A134,0.416745447
TCGA-E2-A1LI,0.387617064
TCGA-A1-A0SN,0.133283783
TCGA-AC-A62Y,-0.288479644
TCGA-AO-A0JJ,-0.212610838
TCGA-BH-A1FD,0.293066958
TCGA-AN-A0FL,-0.154314986
TCGA-D8-A1JF,0.015963724
TCGA-A8-A08S,0.066927285
TCGA-C8-A274,0.140323375
TCGA-D8-A3Z6,-0.351215384
TCGA-AO-A03O,0.271550803
TCGA-C8-A8HQ,0.075269072
TCGA-E2-A155,0.301576631
TCGA-AC-A5EH,-0.160344913
TCGA-S3-AA17,-0.211155832
TCGA-GM-A3XL,0.214792637
TCGA-AO-A12A,-0.216144199
TCGA-D8-A1JU,-0.391741649
TCGA-BH-A0HO,-0.110132492
TCGA-A8-A0AB,0.294816641
TCGA-AR-A0TQ,0.399189204
TCGA-B6-A0RG,-0.181176258
TCGA-B6-A0WW,-0.238417887
TCGA-BH-A0GY,-0.026759874
TCGA-AR-A24H,0.419574332
TCGA-E2-A14R,0.1763553
TCGA-AO-A0J5,-0.022064495
TCGA-A2-A0D1,0.055928549
TCGA-B6-A0RN,-0.378513186
TCGA-AC-A6IX,-0.380857391
TCGA-AC-A3QQ,0.022184864
TCGA-BH-A0E9,-0.335682966
TCGA-LD-A7W5,-0.267068282
TCGA-AR-A24V,-0.077748904
TCGA-A8-A08C,-0.141039646
TCGA-AO-A1KT,0.113944707
TCGA-LL-A73Y,-0.266628504
TCGA-B6-A0RH,-0.063825391
TCGA-A7-A0DC,-0.12854312
TCGA-A8-A082,0.124506274
TCGA-EW-A1J5,0.128061514
TCGA-BH-A0BC,-0.011616869
TCGA-BH-A0HX,-0.104645051
TCGA-BH-A0HQ,-0.40960856
TCGA-A8-A08O,-0.135536141
TCGA-A7-A5ZX,-0.41623218
TCGA-A8-A08G,0.126449077
TCGA-E9-A1N8,0.166382094
TCGA-OL-A6VO,0.244237754
TCGA-A8-A07Z,-0.116811673
TCGA-BH-A18T,0.389610999
TCGA-A1-A0SI,0.242299791
TCGA-BH-A42T,0.119581525
TCGA-AR-A0U2,0.341820701
TCGA-A2-A0SY,-0.173501161
TCGA-E9-A1N4,0.19303515
TCGA-AC-A6IV,-0.35240547
TCGA-D8-A3Z5,-0.390905304
TCGA-BH-A1F8,0.196239657
TCGA-AN-A0FF,0.046147657
TCGA-AR-A0TU,0.301429809
TCGA-A8-A08L,0.199929384
TCGA-A2-A1FX,0.313972079
TCGA-A8-A06N,0.134483085
TCGA-A2-A0EN,-0.392706179
TCGA-MS-A51U,-0.465815169
TCGA-OL-A5D8,-0.222817925
TCGA-EW-A1P0,-0.112041797
TCGA-AO-A0JF,-0.385217906
TCGA-BH-A0BF,-0.169171936
TCGA-E2-A14Q,-0.099731573
TCGA-PL-A8LV,0.002198969
TCGA-BH-A1F6,0.014469378
TCGA-AN-A03X,-0.392690796
TCGA-E2-A152,-0.089775098
TCGA-A2-A0D0,0.297693027
TCGA-AR-A24P,0.172525112
TCGA-A8-A09G,0.222604548
TCGA-C8-A1HN,0.356457088
TCGA-AN-A0AR,0.089184152
TCGA-BH-A0DE,-0.390883656
TCGA-A8-A075,0.17027274
TCGA-A2-A4RW,-0.427821179
TCGA-A8-A076,0.198579667
TCGA-A1-A0SM,-0.052475504
TCGA-B6-A408,-0.359990193
TCGA-AR-A5QM,-0.382452175
TCGA-BH-A0E1,0.211658979
TCGA-A2-A0ES,-0.372370651
TCGA-B6-A0RU,0.301502639
TCGA-E9-A249,0.248223647
TCGA-D8-A1XZ,0.259011905
TCGA-A2-A0CX,0.091771076
TCGA-D8-A27W,0.280041717
TCGA-A2-A0YI,-0.347538624
TCGA-A1-A0SB,-0.165111773
TCGA-A2-A3KD,-0.236617955
TCGA-B6-A1KI,-0.261161923
TCGA-BH-A0DH,-0.16662062
TCGA-S3-A6ZG,0.163801873
TCGA-AO-A0J6,0.2383829
TCGA-E9-A1RC,0.229314781
TCGA-AC-A3W5,-0.312934072
TCGA-A2-A0ER,0.252274607
TCGA-EW-A1PA,-0.058529032
TCGA-A8-A07W,0.341793116
TCGA-AR-A24X,-0.150355449
TCGA-C8-A137,0.158894199
TCGA-A2-A0T3,0.353003741
TCGA-E2-A1B1,0.170226302
TCGA-BH-A0BS,-0.006452867
TCGA-3C-AALJ,-0.305749923
TCGA-D8-A1XJ,0.304249621
TCGA-E9-A1R3,-0.228850948
TCGA-A2-A0CO,-0.459563946
TCGA-EW-A2FR,-0.101576649
TCGA-AN-A0XV,-0.040741913
TCGA-AO-A0J4,0.326487454
TCGA-E2-A573,0.174487863
TCGA-E9-A1NF,-0.386282732
TCGA-PE-A5DE,-0.308229179
TCGA-BH-A18J,-0.053008261
TCGA-A2-A0EX,-0.419509252
TCGA-EW-A1OY,-0.055111992
TCGA-EW-A2FV,0.350876326
TCGA-D8-A1XA,-0.122817007
TCGA-E9-A2JS,0.129741213
TCGA-A7-A5ZW,-0.43170359
TCGA-D8-A13Z,0.286338072
TCGA-E2-A154,-0.103906457
TCGA-D8-A146,-0.344666883
TCGA-BH-A8G0,-0.485556313
TCGA-E2-A14T,0.107088637
TCGA-D8-A143,0.302339066
TCGA-A7-A13G,-0.208184226
TCGA-A8-A07U,0.089554842
TCGA-AN-A03Y,0.206101
TCGA-AQ-A04H,0.328538244
TCGA-OL-A97C,-0.385161505
TCGA-E9-A1NG,-0.230970043
TCGA-C8-A12L,0.278709538
TCGA-AO-A03U,-0.297189975
TCGA-AR-A0U4,0.217812126
TCGA-E9-A227,-0.225845758
TCGA-E9-A22E,-0.284218471
TCGA-BH-A0DQ,-0.213568286
TCGA-D8-A27I,-0.286525097
TCGA-AO-A12D,-0.226985687
TCGA-E2-A2P5,0.076386035
TCGA-A2-A0CW,0.250133092
TCGA-EW-A1P3,-0.311485397
TCGA-A2-A0T6,-0.261507679
TCGA-A2-A25B,0.384003232
TCGA-A8-A0A6,-0.387186851
TCGA-A2-A3XT,0.166243725
TCGA-AN-A0FZ,0.169145098
TCGA-JL-A3YX,0.051196436
TCGA-B6-A0IJ,0.376295171
TCGA-E2-A10E,-0.010329353
TCGA-C8-A26Y,0.193817687
TCGA-EW-A1J1,-0.037718009
TCGA-AR-A0TP,0.179085029
TCGA-E2-A3DX,-0.376009324
TCGA-B6-A0WY,-0.261354162
TCGA-A8-A09R,0.044472945
TCGA-EW-A1PG,-0.373123799
TCGA-A7-A4SD,-0.005773487
TCGA-BH-A0H0,0.226576654
TCGA-AO-A03M,0.293912629
TCGA-A2-A4RX,-0.202762383
TCGA-D8-A1XB,-0.313477833
TCGA-EW-A1PB,0.019087113
TCGA-AQ-A1H2,-0.198499223
TCGA-D8-A27H,-0.004565605
TCGA-AC-A3W7,-0.332198924
TCGA-BH-A0H6,-0.351772787
TCGA-AN-A0XW,0.065867618
TCGA-E2-A15K,0.129745537
TCGA-EW-A424,-0.219772878
TCGA-E9-A226,0.189092741
TCGA-A8-A07O,0.370492591
TCGA-AO-A1KS,0.266389558
TCGA-A8-A0A7,-0.169749472
TCGA-D8-A27E,-0.280257725
TCGA-A2-A0T4,-0.230166125
TCGA-A8-A099,-0.13997878
TCGA-E2-A108,-0.325461824
TCGA-C8-A133,-0.338652402
TCGA-E2-A14P,0.247248316
TCGA-D8-A1XD,-0.001293696
TCGA-B6-A0RP,-0.326982861
TCGA-EW-A1PH,0.180905692
TCGA-E2-A15L,0.181475364
TCGA-B6-A0IG,0.131916173
TCGA-A8-A0A2,-0.179997675
TCGA-B6-A0IH,-0.454855841
TCGA-BH-A1FH,-0.301471346
TCGA-AR-A2LR,0.137244104
TCGA-LD-A9QF,-0.38444638
TCGA-BH-A1FM,0.229916234
TCGA-AO-A128,0.249788432
TCGA-BH-A18F,0.094918576
TCGA-D8-A1XV,-0.17273896
TCGA-EW-A1OZ,0.090319846
TCGA-BH-A0W3,0.069191544
TCGA-BH-A1EN,-0.068533613
TCGA-EW-A1IW,0.334592275
TCGA-A2-A3XY,0.130463048
TCGA-BH-A1EV,0.014621491
TCGA-A7-A0D9,-0.27208988
TCGA-AC-A3EH,-0.203345567
TCGA-AN-A04A,-0.027350488
TCGA-Z7-A8R6,0.251604529
TCGA-AO-A129,0.089270897
TCGA-AR-A1AI,0.306846026
TCGA-E9-A1N9,0.214697494
TCGA-AN-A0FN,-0.311483282
TCGA-B6-A0RI,0.218426657
TCGA-E2-A1IO,-0.348777936
TCGA-AR-A0TV,0.074793376
TCGA-D8-A27M,0.006319651
TCGA-BH-A0BL,0.170277756
TCGA-EW-A1P6,-0.279568168
TCGA-AN-A0XU,0.290214083
TCGA-AR-A1AP,-0.216260931
TCGA-A2-A0YJ,0.181341715
TCGA-A7-A426,-0.295143172
TCGA-AR-A1AT,-0.050310634
TCGA-E2-A1IN,-0.003476906
TCGA-BH-A0AV,0.26970951
TCGA-LD-A74U,-0.414461469
TCGA-D8-A1X8,-0.107183917
TCGA-AN-A0FD,-0.158927827
TCGA-BH-A0E0,-0.096860086
TCGA-BH-A18N,-0.154888591
TCGA-A2-A0CU,-0.053188796
TCGA-EW-A1IY,0.104471826
TCGA-E9-A2JT,-0.356154158
TCGA-AC-A2BK,0.32132293
TCGA-E2-A15D,-0.33768024
TCGA-BH-A6R9,-0.335656526
TCGA-A2-A0D2,0.319368744
TCGA-AC-A62X,0.071429777
TCGA-A8-A09C,0.130333734
TCGA-BH-A0BV,-0.134783639
TCGA-BH-A0W7,-0.23404662
TCGA-B6-A0IB,-0.002497528
TCGA-E2-A1L6,-0.140337652
TCGA-AN-A0G0,0.381539562
TCGA-C8-A26X,-0.152270485
TCGA-BH-A0H7,-0.043510394
TCGA-A7-A3IY,-0.26228028
TCGA-AR-A2LH,-0.333514954
TCGA-E2-A107,0.130726878
TCGA-E9-A244,0.25484016
TCGA-AR-A5QN,-0.189681574
TCGA-AC-A6IW,0.120566505
TCGA-GI-A2C9,0.003975089
TCGA-A8-A06R,0.008798135
TCGA-W8-A86G,-0.443130969
TCGA-GM-A3XN,-0.409232279
TCGA-4H-AAAK,-0.313042324
TCGA-EW-A3U0,-0.004257071
TCGA-AC-A2FO,-0.386873839
TCGA-E2-A1IG,-0.237933978
TCGA-S3-AA12,-0.163402538
TCGA-B6-A0WV,0.245155066
TCGA-A7-A4SF,-0.097170855
TCGA-D8-A1XY,-0.26050094
TCGA-A7-A13D,0.127570024
TCGA-A1-A0SF,-0.342567199
TCGA-E2-A1IU,-0.321904396
TCGA-E2-A158,0.072071971
TCGA-E2-A14V,0.377963357
TCGA-AC-A3OD,0.093991774
TCGA-AR-A0TY,0.284540714
TCGA-AR-A24W,-0.277894161
TCGA-E2-A15T,0.267570032
TCGA-A7-A425,-0.253993427
TCGA-AQ-A0Y5,-0.179436235
TCGA-AC-A8OQ,-0.137806006
TCGA-BH-A0BR,-0.239213796
TCGA-BH-A0HI,-0.316097915
TCGA-GM-A2DM,-0.300109382
TCGA-A2-A1G0,-0.306956935
TCGA-AQ-A04J,0.213198231
TCGA-AN-A0AK,0.352783017
TCGA-A8-A06O,0.202214142
TCGA-D8-A1XG,-0.13575133
TCGA-B6-A402,0.095412167
TCGA-GM-A2DI,-0.422350539
TCGA-EW-A1IX,-0.403510787
TCGA-A8-A095,0.299610064
TCGA-A8-A06Z,0.184051817
TCGA-A1-A0SD,-0.265640773
TCGA-A7-A0CG,-0.292446268
TCGA-A2-A25E,0.309621651
TCGA-A7-A13F,0.175388099
TCGA-A8-A07C,0.379280801
TCGA-D8-A1JH,-0.16764286
TCGA-A2-A04N,-0.357348974
TCGA-LL-A442,0.024369606
TCGA-C8-A130,0.141511752
TCGA-JL-A3YW,-0.182976249
TCGA-BH-A0AY,-0.219870933
TCGA-A2-A0EY,-0.122631845
TCGA-AQ-A7U7,-0.378373368
TCGA-BH-A208,-0.346854663
TCGA-OL-A5RY,-0.278646024
TCGA-B6-A40B,-0.207338957
TCGA-BH-A42V,-0.345637635
TCGA-E2-A105,0.072049622
TCGA-BH-A0BZ,0.169892001
TCGA-AC-A2FK,-0.392676689
TCGA-A8-A06P,-0.361737607
TCGA-B6-A0IP,0.120258328
TCGA-D8-A27F,0.360527598
TCGA-AN-A0FX,0.135747271
TCGA-PE-A5DD,-0.352450372
TCGA-AN-A0XN,-0.318314967
TCGA-E9-A1NA,0.102460124
TCGA-AC-A2FB,-0.293403298
TCGA-LL-A73Z,-0.331147647
TCGA-A7-A26F,-0.041868049
TCGA-AC-A23E,-0.156244074
TCGA-A2-A1FW,0.276012902
TCGA-EW-A6SC,-0.051736009
TCGA-AR-A5QP,-0.299800457
TCGA-D8-A1XC,-0.257158179
TCGA-EW-A1P5,-0.107767036
TCGA-BH-A0RX,-0.112489162
TCGA-A7-A13E,0.031543109
TCGA-A2-A0T5,-0.068356878
TCGA-C8-A273,0.21138422
TCGA-AR-A1AV,0.135514084
TCGA-A7-A6VX,-0.135691913
TCGA-AR-A24N,0.257247141
TCGA-AN-A0FS,-0.097809808
TCGA-C8-A8HP,-0.214806659
TCGA-C8-A278,0.217710099
TCGA-EW-A1P8,0.215788829
TCGA-AR-A1AL,-0.155201556
TCGA-A2-A0SV,0.320932871
TCGA-A8-A084,0.141956783
TCGA-D8-A1JK,-0.076789402
TCGA-E2-A1LL,0.182300614
TCGA-A8-A09V,0.027873817
TCGA-EW-A1OV,-0.251687308
TCGA-B6-A0IO,0.038411028
TCGA-A2-A25A,0.144107642
TCGA-E2-A1IK,-0.394704774
TCGA-B6-A0RL,0.20887994
TCGA-A2-A0CV,-0.241025412
TCGA-B6-A0X7,-0.372049705
TCGA-BH-A1FR,-0.265717616
TCGA-E9-A1R7,0.132871553
TCGA-E9-A24A,-0.065254198
TCGA-D8-A1JS,-0.273846724
TCGA-BH-A0AZ,-0.413630605
TCGA-BH-A0DK,-0.159949152
TCGA-5L-AAT0,-0.470590941
TCGA-D8-A1JP,-0.139524863
TCGA-BH-A1FG,-0.200992829
TCGA-AC-A7VC,-0.163580519
TCGA-D8-A1X6,0.151325742
TCGA-D8-A1JD,0.384735106
TCGA-B6-A1KF,0.220145822
TCGA-A2-A0YF,0.234207473
TCGA-B6-A0RS,0.13322596
TCGA-BH-A0HL,0.003449942
TCGA-E2-A15R,0.220203934
TCGA-C8-A3M8,0.106524977
TCGA-C8-A26W,0.317442911
TCGA-AN-A0XT,-0.314836282
TCGA-BH-A1EW,0.054792213
TCGA-AQ-A1H3,0.130985746
TCGA-C8-A1HI,0.016654687
TCGA-BH-A0H3,-0.270303288
TCGA-A8-A07B,-0.237745668
TCGA-BH-A0B8,-0.187343451
TCGA-E9-A248,0.281847438
TCGA-AC-A23G,-0.441060594
TCGA-E9-A243,0.214076996
TCGA-AO-A0JA,0.05465664
TCGA-D8-A147,0.264154188
TCGA-B6-A0RO,-0.20483958
TCGA-A2-A0YG,0.377212931
TCGA-E9-A1RF,-0.112367794
TCGA-B6-A0X0,-0.32176438
TCGA-C8-A275,0.405609829
TCGA-BH-A18S,-0.22825723
TCGA-AR-A0U3,0.08403051
TCGA-A7-A0CE,0.242839335
TCGA-BH-A1FE,0.254670191
TCGA-EW-A1PE,-0.237872793
TCGA-AR-A24T,-0.280754984
TCGA-GM-A2DH,0.393977535
TCGA-B6-A0IM,0.214210056
TCGA-BH-A0BP,-0.400438965
TCGA-AO-A12E,0.136649926
TCGA-E2-A153,-0.495299081
TCGA-B6-A0WX,-0.136796189
TCGA-EW-A1OW,0.231025444
TCGA-AR-A24K,0.309013626
TCGA-A2-A0D4,0.330848239
TCGA-BH-A0B4,-0.332509199
TCGA-BH-A0W5,-0.358529336
TCGA-BH-A0E2,0.097373802
TCGA-A7-A4SB,-0.195592712
TCGA-E9-A1N6,0.152262888
TCGA-BH-A0BQ,-0.441933458
TCGA-AR-A250,0.298584943
TCGA-AR-A251,0.362738848
TCGA-A8-A09M,-0.003272412
TCGA-E2-A159,0.264930177
TCGA-A2-A0CL,0.026803032
TCGA-BH-A18H,-0.318213575
TCGA-EW-A6S9,-0.164067026
TCGA-E9-A22H,0.306887808
TCGA-AC-A2FG,-0.230138425
TCGA-A2-A04Q,0.048620466
TCGA-C8-A1HF,0.350937137
TCGA-AO-A0JE,-0.129505374
TCGA-A8-A09K,-0.048174941
TCGA-A2-A4RY,-0.442812022
TCGA-BH-A0DI,-0.383520088
TCGA-OL-A66I,0.066935127
TCGA-A8-A09Q,0.105865481
TCGA-E2-A1IE,0.222714732
TCGA-C8-A26Z,0.099865787
TCGA-A2-A0YM,0.381487782
TCGA-BH-A0C0,0.034777714
TCGA-A2-A0YH,0.013082119
TCGA-E2-A15C,-0.316680088
TCGA-A2-A0EU,0.017627101
TCGA-D8-A1JM,0.301344312
TCGA-D8-A1J8,0.288275972
TCGA-A2-A0EP,-0.337628982
TCGA-D8-A1XR,0.247807585
TCGA-BH-A204,0.288536152
TCGA-E9-A1RG,-0.191786749
TCGA-D8-A27K,-0.242661917
TCGA-B6-A0X5,0.203718309
TCGA-E9-A5UO,0.001857961
TCGA-AR-A24O,-0.071527248
TCGA-EW-A1P4,0.282999986
TCGA-A2-A3XZ,-0.112729292
TCGA-E2-A10B,0.103600199
TCGA-AN-A0AM,0.101266756
TCGA-A2-A4S2,-0.416869917
TCGA-B6-A2IU,-0.3269261
TCGA-A7-A0CH,-0.282050677
TCGA-E9-A22G,0.354830665
TCGA-E2-A15O,0.080756527
TCGA-S3-A6ZF,0.148225285
TCGA-E2-A1IJ,-0.489636069
TCGA-A8-A07J,-0.438752893
TCGA-E9-A1RE,0.214113338
TCGA-A8-A08A,-0.332931394
TCGA-AR-A255,0.064590074
TCGA-A2-A0CP,-0.516299964
TCGA-AO-A12C,-0.366342754
TCGA-A2-A0CT,-0.010625202
TCGA-A2-A25D,-0.102402105
TCGA-LL-A5YO,-0.207590465
TCGA-A8-A09I,0.426745165
TCGA-AR-A24Q,0.290093627
TCGA-D8-A1XQ,0.250525621
TCGA-AN-A0AS,-0.248674901
TCGA-D8-A27G,-0.062104167
TCGA-AR-A1AX,-0.086217795
TCGA-BH-A18V,0.286512128
TCGA-AR-A0TT,-0.025320076
TCGA-BH-A18M,-0.177121441
TCGA-A7-A26E,0.060165521
TCGA-AR-A24U,0.132086366
TCGA-AR-A1AH,0.299850683
TCGA-A8-A07L,0.300965585
TCGA-BH-A18L,0.311589392
TCGA-E2-A1LE,-0.121842955
TCGA-A7-A26H,0.102692717
TCGA-C8-A8HR,-0.269000108
TCGA-OL-A66J,-0.423400829
TCGA-AC-A8OS,-0.43721336
TCGA-BH-A1EU,-0.11052406
TCGA-S3-AA15,-0.244376114
TCGA-B6-A1KN,0.359576505
TCGA-A8-A08F,0.124977878
TCGA-A8-A06T,0.037610723
TCGA-AR-A2LK,0.353903054
TCGA-LL-A441,-0.040408517
TCGA-AR-A0U0,0.154666508
TCGA-D8-A1XF,0.291965537
TCGA-A8-A09E,0.156967646
TCGA-A7-A26J,0.268875789
TCGA-A8-A08I,0.228275944
TCGA-5T-A9QA,-0.115523641
TCGA-AO-A0JM,0.044785246
TCGA-E2-A1LG,0.268715487
TCGA-AO-A0JC,-0.164788216
TCGA-B6-A401,-0.342940251
TCGA-LL-A7T0,-0.010806483
TCGA-AR-A1AN,-0.180409552
TCGA-C8-A26V,0.268928289
TCGA-A2-A0EM,-0.160051458
TCGA-BH-A0B7,-0.127166118
TCGA-A7-A5ZV,-0.167846584
TCGA-OL-A6VR,-0.286858976
TCGA-BH-A0H9,-0.020967752
TCGA-C8-A12X,-0.343706796
TCGA-E2-A1LB,-0.175354063
TCGA-D8-A140,-0.139973998
TCGA-C8-A3M7,-0.199473261
TCGA-E2-A15E,-0.32832591
TCGA-A2-A0EV,-0.025372021
TCGA-E9-A1RD,0.035314847
TCGA-D8-A27P,-0.344062785
TCGA-C8-A12T,0.193953478
TCGA-S3-A6ZH,0.237731419
TCGA-OL-A5RZ,0.001881011
TCGA-S3-AA11,-0.238642789
TCGA-A2-A3XX,0.113606374
TCGA-AR-A2LE,-0.354289776
TCGA-A2-A0SW,0.031201885
TCGA-AR-A256,0.330591447
TCGA-BH-A6R8,-0.294834025
TCGA-A8-A06Y,-0.316274693
TCGA-AC-A2FE,-0.363820335
TCGA-AR-A1AQ,0.132637305
TCGA-D8-A1Y1,0.268371987
TCGA-EW-A1PD,0.21484999
TCGA-BH-A0HW,0.108018753
TCGA-GI-A2C8,-0.38884703
TCGA-A8-A09D,-0.119747906
TCGA-C8-A12V,-0.041221416
TCGA-AO-A12G,-0.312643725
TCGA-BH-A1F2,0.195331848
TCGA-AR-A1AO,-0.186817653
TCGA-D8-A1X9,0.226240807
TCGA-E2-A15J,-0.027389973
TCGA-AC-A23C,0.009221327
TCGA-E9-A1QZ,0.082475994
TCGA-BH-A0HP,-0.218696198
TCGA-A2-A0EQ,0.234005562
TCGA-AR-A1AM,-0.452730236
TCGA-E9-A1NH,-0.42978882
TCGA-A8-A07R,0.339871915
TCGA-A2-A3Y0,0.143221624
TCGA-GM-A2DF,-0.053261508
TCGA-E2-A150,0.032958192
TCGA-A8-A06Q,0.27666552
TCGA-A8-A09B,-0.208717608
TCGA-HN-A2OB,-0.481202082
TCGA-AN-A0AJ,0.41128284
TCGA-A7-A3J1,-0.292501632
TCGA-E2-A106,-0.2189918
TCGA-PL-A8LX,-0.36049626
TCGA-C8-A12O,0.080010383
TCGA-C8-A1HK,0.173478767
TCGA-B6-A0IK,-0.00863333
TCGA-BH-A0BD,0.244444165
TCGA-D8-A1XU,-0.230072012
TCGA-E2-A15G,-0.316571353
TCGA-D8-A1JB,-0.389257484
TCGA-EW-A1J2,-0.208438392
TCGA-A2-A0ET,0.206293698
TCGA-A2-A3XW,-0.333161245
TCGA-D8-A27R,0.189501147
TCGA-AO-A1KO,-0.255370399
TCGA-EW-A6SD,-0.016866786
TCGA-BH-A18P,0.21801079
TCGA-A8-A08R,0.287315239
TCGA-AO-A0JD,0.32131633
TCGA-AR-A2LL,-0.031613597
TCGA-D8-A27V,-0.010577382
TCGA-BH-A0BO,-0.315699772
TCGA-BH-A0DV,-0.367863836
TCGA-A8-A08Z,-0.109429996
TCGA-D8-A13Y,0.226355764
TCGA-BH-A0C3,-0.246322263
TCGA-D8-A145,-0.380259512
TCGA-A2-A1G1,0.334292904
TCGA-A1-A0SP,0.241870284
TCGA-E9-A1RI,-0.166395986
TCGA-AN-A04D,0.356785755
TCGA-A8-A0AD,-0.207070719
TCGA-A2-A0YK,-0.365400953
TCGA-AN-A0FV,-0.013869029
TCGA-A2-A25F,0.270411919
TCGA-A8-A07E,0.244071528
TCGA-A8-A079,0.246602623
TCGA-BH-A0E7,-0.131052293
TCGA-A1-A0SQ,-0.165709438
TCGA-BH-A1ES,-0.278076883
TCGA-A7-A0CJ,0.195523489
TCGA-D8-A73U,-0.482684903
TCGA-BH-A1FC,0.393304781
TCGA-A2-A04V,0.013856659
TCGA-BH-A0HY,0.126822696
TCGA-A8-A08H,-0.190935473
TCGA-AR-A2LQ,-0.422968386
TCGA-HN-A2NL,0.272733963
TCGA-A2-A0CM,0.319420006
TCGA-A8-A083,-0.208229379
TCGA-BH-A0DG,-0.266776609
TCGA-A7-A4SC,-0.430278026
TCGA-S3-AA10,0.218248704
TCGA-BH-A0DT,-0.344662342
TCGA-AO-A12B,-0.139998818
TCGA-E2-A10F,-0.221417098
TCGA-A2-A1FV,0.005047963
TCGA-EW-A1OX,-0.129921954
TCGA-B6-A0WZ,-0.167086423
TCGA-B6-A0I6,0.203852973
TCGA-E9-A245,-0.446932563
TCGA-C8-A12N,-0.398645296
TCGA-BH-A0HU,0.254660234
TCGA-BH-A0B1,0.033752838
TCGA-D8-A1JC,0.280334983
TCGA-E2-A15H,0.135437947
TCGA-BH-A0C1,0.095962819
TCGA-E2-A14Y,0.229250431
TCGA-A2-A0YD,-0.323466568
TCGA-E2-A10A,0.224639758
TCGA-AO-A0JG,-0.281382362
TCGA-D8-A27L,-0.178237659
TCGA-BH-A18Q,0.24908858
TCGA-OL-A6VQ,-0.425815798
TCGA-E9-A1R2,-0.28681103
TCGA-A2-A04T,0.329820382
TCGA-BH-A18U,0.338837216
TCGA-AN-A0XP,-0.229615963
TCGA-BH-A1FU,-0.021902278
TCGA-A8-A097,0.217893873
TCGA-GM-A2DL,-0.099877257
TCGA-LD-A7W6,-0.186231856
TCGA-AC-A2BM,0.135203767
TCGA-EW-A3E8,-0.298126569
TCGA-BH-A0DS,-0.426771761
TCGA-A2-A3XS,0.033808744
TCGA-A8-A0A1,-0.329785768
TCGA-BH-A8FZ,-0.381562473
TCGA-BH-A0B6,-0.413217222
TCGA-BH-A0HK,-0.379977223
TCGA-BH-A0B3,0.252888786
TCGA-BH-A0C7,0.399587392
TCGA-A7-A0DA,0.020451706
TCGA-B6-A0IQ,0.324224504
TCGA-AN-A0FW,0.16059502
TCGA-BH-A1EY,-0.369878366
TCGA-BH-A0BA,-0.063719647
TCGA-AC-A2FM,-0.025779246
TCGA-AO-A12F,0.236504863
TCGA-AR-A0TS,0.251420915
TCGA-A1-A0SJ,-0.010369309
TCGA-E9-A3QA,0.111157195
TCGA-S3-AA14,-0.335097611
TCGA-BH-A0B5,0.256275241
TCGA-A8-A096,0.203551971
TCGA-EW-A6SA,0.284816505
TCGA-E2-A15S,0.262401424
TCGA-AC-A8OP,-0.350544578
TCGA-A2-A25C,0.366910853
TCGA-AN-A0FK,0.033422537
TCGA-AN-A049,0.033683373
TCGA-D8-A27T,-0.125085102
TCGA-D8-A73X,-0.329910498
TCGA-C8-A132,-0.201522249
TCGA-E9-A229,0.14045581
TCGA-A8-A08P,0.11477855
TCGA-A8-A09W,0.240400096
TCGA-E2-A14U,-0.36657615
TCGA-D8-A1XM,0.214964175